id,shopName,ownerName,phone,address,gpsLatitude,gpsLongitude,creditBalance,isActive,createdAt,updatedAt,externalId,routeName
1,A S MANIAN JUNCTION,,,,,,0.0,,2026-02-14T13:14:08.594382,2026-02-14T13:14:08.594382,,
2,"A-ONE tea shop(STC college road, perumalpuram)",,,,,,0.0,,2026-02-14T13:14:08.594382,2026-02-14T13:14:08.594382,,
3,A.K. PALAMUTHIR SOLAI,,,,,,0.0,,2026-02-14T13:14:08.594382,2026-02-14T13:14:08.594382,,
4,A.M ANIFA STORE MANUR,,,,,,0.0,,2026-02-14T13:14:08.594382,2026-02-14T13:14:08.594382,,
5,A.R.RAHMAN STORE NORTH BALA BHAKYA NAGAR,,,,,,0.0,,2026-02-14T13:14:08.594382,2026-02-14T13:14:08.594382,,
6,A.S BALAN (GOODOWN ROAD),,,,,,0.0,,2026-02-14T13:14:08.594382,2026-02-14T13:14:08.594382,,
7,"A.S FRUITS HOUSE, GOPALASAMUTHRAM ROAD",,,,,,0.0,,2026-02-14T13:14:08.594382,2026-02-14T13:14:08.594382,,
8,AAJES TEA STALL(KRISHNA HOSPITAL OPPOSITE),,,,,,0.0,,2026-02-14T13:14:08.594382,2026-02-14T13:14:08.594382,,
9,"AAMIRI STORE, MELAPALAYAM HAMIMPURAM 7TH STREET",,,,,,0.0,,2026-02-14T13:14:08.594382,2026-02-14T13:14:08.594382,,
10,AANDAVAR TEA STALL(ROSEMARY HOSPITAL OPP),,,,,,0.0,,2026-02-14T13:14:08.594382,2026-02-14T13:14:08.594382,,
11,AARON RESTAURANT(VV.M CHATRAM),,,,,,0.0,,2026-02-14T13:14:08.594382,2026-02-14T13:14:08.594382,,
12,AATHIL STORE BILAL PALLIVVASAL SANKAR NAGAR,,,,,,0.0,,2026-02-14T13:14:08.594382,2026-02-14T13:14:08.594382,,
13,"AAVIN AGENCY AND STORE, AR LINE",,,,,,0.0,,2026-02-14T13:14:08.594382,2026-02-14T13:14:08.594382,,
14,AAVIN MILK BHUVANESWARI OPP,,,,,,0.0,,2026-02-14T13:14:08.594382,2026-02-14T13:14:08.594382,,
15,AAVIN MILK JUNCTION,,,,,,0.0,,2026-02-14T13:14:08.594382,2026-02-14T13:14:08.594382,,
16,AAVIN MILK REDDIARPATTI ROAD,,,,,,0.0,,2026-02-14T13:14:08.594382,2026-02-14T13:14:08.594382,,
17,AAVIN PALAKAM(NEAR LIC PALAY),,,,,,0.0,,2026-02-14T13:14:08.594382,2026-02-14T13:14:08.594382,,
18,AAVIN STORE(MURUGANKURICHI),,,,,,0.0,,2026-02-14T13:14:08.594382,2026-02-14T13:14:08.594382,,
19,AAVIN VM CHATHRAM,,,,,,0.0,,2026-02-14T13:14:08.594382,2026-02-14T13:14:08.594382,,
20,ABDULLAH MART,,,,,,0.0,,2026-02-14T13:14:08.594382,2026-02-14T13:14:08.594382,,
21,ABI STORE(KULAVANIKAPURAM),,,,,,0.0,,2026-02-14T13:14:08.594382,2026-02-14T13:14:08.594382,,
22,ABIRAMI NAMMA TEA KADAI(VAGADI MUKKU TOWN),,,,,,0.0,,2026-02-14T13:14:08.594382,2026-02-14T13:14:08.594382,,
23,ABTHI KADAI(PETTAI MILL),,,,,,0.0,,2026-02-14T13:14:08.594382,2026-02-14T13:14:08.594382,,
24,AFTHI SHOPPING(SOOTHAMALLI),,,,,,0.0,,2026-02-14T13:14:08.594382,2026-02-14T13:14:08.594382,,
25,AJ COOL BAR MELAPALAYAM,,,,,,0.0,,2026-02-14T13:14:08.594382,2026-02-14T13:14:08.594382,,
26,AJ STORE MAHARAJANAGAR(ROSE COMPLEX),,,,,,0.0,,2026-02-14T13:14:08.594382,2026-02-14T13:14:08.594382,,
27,AJMAL SWEETS AND BAKERY(PETTAI)(yusuf),,,,,,0.0,,2026-02-14T13:14:08.594382,2026-02-14T13:14:08.594382,,
28,AKASHINI AND HARISH DEVA STORE(THARUVAI),,,,,,0.0,,2026-02-14T13:14:08.594382,2026-02-14T13:14:08.594382,,
29,AKB SCHOOL CHERANMAHADEVI,,,,,,0.0,,2026-02-14T13:14:08.594382,2026-02-14T13:14:08.594382,,
30,AKV TEA HOUSE SAMATHANAPURAM (JAM JAM BRIYANI OPP),,,,,,0.0,,2026-02-14T13:14:08.594382,2026-02-14T13:14:08.594382,,
31,AL- SAUDIA COOL BAR(MELAPALAYAM) NEAR FIRSH MARKET,,,,,,0.0,,2026-02-14T13:14:08.594382,2026-02-14T13:14:08.594382,,
32,ALAYA AGENCY(VALLANADU),,,,,,0.0,,2026-02-14T13:14:08.594382,2026-02-14T13:14:08.594382,,
33,ALAYA BAKERY AND SWEETS,,,,,,0.0,,2026-02-14T13:14:08.594382,2026-02-14T13:14:08.594382,,
34,ALIF CHAI MELAPALAYAM,,,,,,0.0,,2026-02-14T13:14:08.594382,2026-02-14T13:14:08.594382,,
35,ALKATHIRA STORE,,,,,,0.0,,2026-02-14T13:14:08.594382,2026-02-14T13:14:08.594382,,
36,"AM STORE, SREEMATHI OPP",,,,,,0.0,,2026-02-14T13:14:08.594382,2026-02-14T13:14:08.594382,,
37,AMBALAVANAN COFFEE THENIR STORE(rastha),,,,,,0.0,,2026-02-14T13:14:08.594382,2026-02-14T13:14:08.594382,,
38,AMMACHI HRIPCY HOUSE,,,,,,0.0,,2026-02-14T13:14:08.594382,2026-02-14T13:14:08.594382,,
39,AMMUZ CAFE VANNARPETTAI,,,,,,0.0,,2026-02-14T13:14:08.594382,2026-02-14T13:14:08.594382,,
40,AMUL MANGAMMAL SALAI,,,,,,0.0,,2026-02-14T13:14:08.594382,2026-02-14T13:14:08.594382,,
41,AMUTHAN CAFE NGO COLONY(CHURCH OPP),,,,,,0.0,,2026-02-14T13:14:08.594382,2026-02-14T13:14:08.594382,,
42,ANAND BAKERY RAJAVALLIPURAM ROAD,,,,,,0.0,,2026-02-14T13:14:08.594382,2026-02-14T13:14:08.594382,,
43,ANGEL SWEETS AND STORE(THIYAGARAJA NAGAR),,,,,,0.0,,2026-02-14T13:14:08.594382,2026-02-14T13:14:08.594382,,
44,ANISH COOL BAR TOWN BRIDGE,,,,,,0.0,,2026-02-14T13:14:08.594382,2026-02-14T13:14:08.594382,,
45,ANITHA STORE THENKALAM ROAD RASTHA,,,,,,0.0,,2026-02-14T13:14:08.594382,2026-02-14T13:14:08.594382,,
46,ANITHA SUPER MARKET THACHAI,,,,,,0.0,,2026-02-14T13:14:08.594382,2026-02-14T13:14:08.594382,,
47,ANITHA TEA STALL JUNCTION(ANIL STORE OPP),,,,,,0.0,,2026-02-14T13:14:08.594382,2026-02-14T13:14:08.594382,,
48,ANNAI COOLDRINKS(NEW BUS STAND START),,,,,,0.0,,2026-02-14T13:14:08.594382,2026-02-14T13:14:08.594382,,
49,ANNAI STORE(THACHAINALLUR),,,,,,0.0,,2026-02-14T13:14:08.594382,2026-02-14T13:14:08.594382,,
50,"ANNAI TEA STALL(KURICHI ROAD, MELAPALAYAM)",,,,,,0.0,,2026-02-14T13:14:08.594382,2026-02-14T13:14:08.594382,,
51,ANNALAKSMI FRUITS SIVALAPERI ROAD,,,,,,0.0,,2026-02-14T13:14:08.594382,2026-02-14T13:14:08.594382,,
52,APPA TEA STALL HIGHGROUND,,,,,,0.0,,2026-02-14T13:14:08.594382,2026-02-14T13:14:08.594382,,
53,APSARA SNACKS(SANKAR NAGAR),,,,,,0.0,,2026-02-14T13:14:08.594382,2026-02-14T13:14:08.594382,,
54,"ARASAN SNACKS(SANKAR NAGAR, RAJAVALIPURAM)",,,,,,0.0,,2026-02-14T13:14:08.594382,2026-02-14T13:14:08.594382,,
55,ARCHANA CAFE MADURAI ROAD,,,,,,0.0,,2026-02-14T13:14:08.594382,2026-02-14T13:14:08.594382,,
56,ARUL SELVAN BOOPAN STORE(RASTA,,,,,,0.0,,2026-02-14T13:14:08.594382,2026-02-14T13:14:08.594382,,
57,ARULJOTHI TEA STALL REDDIARPATTI,,,,,,0.0,,2026-02-14T13:14:08.594382,2026-02-14T13:14:08.594382,,
58,ARUNACHALAM STORE THENKALAM ROAD SRINAGAR,,,,,,0.0,,2026-02-14T13:14:08.594382,2026-02-14T13:14:08.594382,,
59,"ARYA COFFEE KASI VILAS OPP, TOWN",,,,,,0.0,,2026-02-14T13:14:08.594382,2026-02-14T13:14:08.594382,,
60,ASIR KARUPATTI COFFEE(OPP PSS THEATRE),,,,,,0.0,,2026-02-14T13:14:08.594382,2026-02-14T13:14:08.594382,,
61,ASLAM STORE SANKAR NAGAR,,,,,,0.0,,2026-02-14T13:14:08.594382,2026-02-14T13:14:08.594382,,
62,ASM SUBBIAH,,,,,,0.0,,2026-02-14T13:14:08.594382,2026-02-14T13:14:08.594382,,
63,"ATCHAYA HOTEL BHAVAN(V.M CHATRAM, OPPOSITE LAKSHMI MAHAL)",,,,,,0.0,,2026-02-14T13:14:08.594382,2026-02-14T13:14:08.594382,,
64,ATCHAYA TEA CORNER VM CHATRAM KTC NAGAR BRIDGE,,,,,,0.0,,2026-02-14T13:14:08.594382,2026-02-14T13:14:08.594382,,
65,ATHISAYARAJ STORE THIRUCHENDUR ROAD,,,,,,0.0,,2026-02-14T13:14:08.594382,2026-02-14T13:14:08.594382,,
66,ATHVIKA STORE (KALLANAI SCHOOL),,,,,,0.0,,2026-02-14T13:14:08.594382,2026-02-14T13:14:08.594382,,
67,"AUSTIN COFFEE CORNER, VM CHATRAM, ATCHAYA OPP",,,,,,0.0,,2026-02-14T13:14:08.594382,2026-02-14T13:14:08.594382,,
68,"AVM TEA STALL(NEW BUS STAND, NGO COLONY)",,,,,,0.0,,2026-02-14T13:14:08.594382,2026-02-14T13:14:08.594382,,
69,"AYA MASTHAN HOTEL(UMIMPURAM, 1ST STREET) MELAPALAYAM",,,,,,0.0,,2026-02-14T13:14:08.594382,2026-02-14T13:14:08.594382,,
70,AYSHA STORE MELAPALAYAM(OPPOSITE TO ANNAPORNA),,,,,,0.0,,2026-02-14T13:14:08.594382,2026-02-14T13:14:08.594382,,
71,AYSHA STORE PALASARUKU STORES(MELAPALAYAM),,,,,,0.0,,2026-02-14T13:14:08.594382,2026-02-14T13:14:08.594382,,
72,AYUTHAMMAN KOVIL JUICE SOUTH BAJAR,,,,,,0.0,,2026-02-14T13:14:08.594382,2026-02-14T13:14:08.594382,,
73,"AYYA KUTTY STORE, POLICE STATION NEAR",,,,,,0.0,,2026-02-14T13:14:08.594382,2026-02-14T13:14:08.594382,,
74,AYYAPAN STORE CN VILLAGE,,,,,,0.0,,2026-02-14T13:14:08.594382,2026-02-14T13:14:08.594382,,
75,AYYAPPAS TEA COFFEE RASTHA,,,,,,0.0,,2026-02-14T13:14:08.594382,2026-02-14T13:14:08.594382,,
76,Abi store thiyagaraja nagar,,,,,,0.0,,2026-02-14T13:14:08.594382,2026-02-14T13:14:08.594382,,
77,BAASS MART SOUTH BAJAR,,,,,,0.0,,2026-02-14T13:14:08.594382,2026-02-14T13:14:08.594382,,
78,"BADUSHA SUPER MARKET, KRISHNAPURAM",,,,,,0.0,,2026-02-14T13:14:08.594382,2026-02-14T13:14:08.594382,,
79,"BALA SHASTHA STORE(VANNARPETTAI, AATRU PALAM)",,,,,,0.0,,2026-02-14T13:14:08.594382,2026-02-14T13:14:08.594382,,
80,BALAJI STORE SOOTHAMALLI,,,,,,0.0,,2026-02-14T13:14:08.594382,2026-02-14T13:14:08.594382,,
81,BALAJI STORE(KULAVVANIKPURAM CHURCH NEAR),,,,,,0.0,,2026-02-14T13:14:08.594382,2026-02-14T13:14:08.594382,,
82,BALAJI TEA STALL,,,,,,0.0,,2026-02-14T13:14:08.594382,2026-02-14T13:14:08.594382,,
83,BALAKANI TEA STALL KRISHNAPURAM,,,,,,0.0,,2026-02-14T13:14:08.594382,2026-02-14T13:14:08.594382,,
84,BALAMURUGAN STORE(RAJA KUDIRUPU PALAY),,,,,,0.0,,2026-02-14T13:14:08.594382,2026-02-14T13:14:08.594382,,
85,BALAN UNAVAGAM(KRISHNAPURAM),,,,,,0.0,,2026-02-14T13:14:08.594382,2026-02-14T13:14:08.594382,,
86,BEERTHELAS STORE GOPALASAMUTHRAM,,,,,,0.0,,2026-02-14T13:14:08.594382,2026-02-14T13:14:08.594382,,
87,BETHEL SNACKS THARAPURAM THALAIATHU,,,,,,0.0,,2026-02-14T13:14:08.594382,2026-02-14T13:14:08.594382,,
88,BETHEL SUPER NGL ROAD,,,,,,0.0,,2026-02-14T13:14:08.594382,2026-02-14T13:14:08.594382,,
89,BHARATHI ANGADI RANI ANNA COLLEGE OPP,,,,,,0.0,,2026-02-14T13:14:08.594382,2026-02-14T13:14:08.594382,,
90,BHARATHI SUPER MARKET(RAHMATH NAGAR),,,,,,0.0,,2026-02-14T13:14:08.594382,2026-02-14T13:14:08.594382,,
91,BHARATHIYAR STREET TOWN OPP,,,,,,0.0,,2026-02-14T13:14:08.594382,2026-02-14T13:14:08.594382,,
92,BIBLE AND SHIFT PALACE(MURUGANKURICHI PALAY),,,,,,0.0,,2026-02-14T13:14:08.594382,2026-02-14T13:14:08.594382,,
93,BISMILLAH MINI SHOP(NEAR PETTAI MILL),,,,,,0.0,,2026-02-14T13:14:08.594382,2026-02-14T13:14:08.594382,,
94,BISMILLAH PETTAI MILL NEAR,,,,,,0.0,,2026-02-14T13:14:08.594382,2026-02-14T13:14:08.594382,,
95,BISMILLAH SOOTHAMALLI,,,,,,0.0,,2026-02-14T13:14:08.594382,2026-02-14T13:14:08.594382,,
96,BISMILLAH STORE(SCHAFTER SCHOOL OPP),,,,,,0.0,,2026-02-14T13:14:08.594382,2026-02-14T13:14:08.594382,,
97,BRIDA STORE,,,,,,0.0,,2026-02-14T13:14:08.594382,2026-02-14T13:14:08.594382,,
98,BRITISH BAKERY REDDIARPATTI,,,,,,0.0,,2026-02-14T13:14:08.594382,2026-02-14T13:14:08.594382,,
99,BYEPASS TEA STALL,,,,,,0.0,,2026-02-14T13:14:08.594382,2026-02-14T13:14:08.594382,,
100,BYPASS PALAMUTHIRSOLAI( VANNARPETTAI) AFNA PARK OPP,,,,,,0.0,,2026-02-14T13:14:08.594382,2026-02-14T13:14:08.594382,,
101,C.R STORE THACHAI GOKUL NAGAR,,,,,,0.0,,2026-02-14T13:14:08.594382,2026-02-14T13:14:08.594382,,
102,CHAI AND CHILL MURUGANKURICHI,,,,,,0.0,,2026-02-14T13:14:08.594382,2026-02-14T13:14:08.594382,,
103,CHANDRA BAKERY(JUNCTION BUS STAND),,,,,,0.0,,2026-02-14T13:14:08.594382,2026-02-14T13:14:08.594382,,
104,CHANDRASEKAR STORE(AYYAPA TEA STALL OPP. RASTA),,,,,,0.0,,2026-02-14T13:14:08.594382,2026-02-14T13:14:08.594382,,
105,CHOLA STORE BALABAGYA NAGAR,,,,,,0.0,,2026-02-14T13:14:08.594382,2026-02-14T13:14:08.594382,,
106,CITY SUPER MARKET(MELAPALAYAM),,,,,,0.0,,2026-02-14T13:14:08.594382,2026-02-14T13:14:08.594382,,
107,COLOURS COOL DRINKS(Thachai),,,,,,0.0,,2026-02-14T13:14:08.594382,2026-02-14T13:14:08.594382,,
108,COOL SPOT KRISHNAPURAM,,,,,,0.0,,2026-02-14T13:14:08.594382,2026-02-14T13:14:08.594382,,
109,COOLSPOT KRISHNAPURAM,,,,,,0.0,,2026-02-14T13:14:08.594382,2026-02-14T13:14:08.594382,,
110,CV STORE THIRUMAL NAGAR,,,,,,0.0,,2026-02-14T13:14:08.594382,2026-02-14T13:14:08.594382,,
111,D.A.M. BHARANI PALAMUTHIRSOLAI(PALAY ROUNDANA),,,,,,0.0,,2026-02-14T13:14:08.594382,2026-02-14T13:14:08.594382,,
112,D.D FRUITS SHOP(THACHAI),,,,,,0.0,,2026-02-14T13:14:08.594382,2026-02-14T13:14:08.594382,,
113,DANI STORE AR LINE(FIRE STATION OPP ROAD),,,,,,0.0,,2026-02-14T13:14:08.594382,2026-02-14T13:14:08.594382,,
114,"DEVI SNACKS AND SHOPPING(NGO-A COLONY, KARPAGAVINAYAGAR NAGAR)",,,,,,0.0,,2026-02-14T13:14:08.594382,2026-02-14T13:14:08.594382,,
115,DEVI STORE MANGAMMAL SALAI KTC NAGAR,,,,,,0.0,,2026-02-14T13:14:08.594382,2026-02-14T13:14:08.594382,,
116,DHANAM MARKETTING,,,,,,0.0,,2026-02-14T13:14:08.594382,2026-02-14T13:14:08.594382,,
117,DHARANI STORE JUNCTION,,,,,,0.0,,2026-02-14T13:14:08.594382,2026-02-14T13:14:08.594382,,
118,DHARMA STORE KRISHNAPURAM,,,,,,0.0,,2026-02-14T13:14:08.594382,2026-02-14T13:14:08.594382,,
119,DHASH TEA STALL,,,,,,0.0,,2026-02-14T13:14:08.594382,2026-02-14T13:14:08.594382,,
120,EDAN FRUITS SANTHI NAGAR FATHIMA RESTAURANT NEAR,,,,,,0.0,,2026-02-14T13:14:08.594382,2026-02-14T13:14:08.594382,,
121,EDEN FRUITS SANTHI NAGAR SEVALAPERI ROAD NEAR HAIR STYLE,,,,,,0.0,,2026-02-14T13:14:08.594382,2026-02-14T13:14:08.594382,,
122,EJ STORE,,,,,,0.0,,2026-02-14T13:14:08.594382,2026-02-14T13:14:08.594382,,
123,ESHITHA SNACKS RESTAURANT,,,,,,0.0,,2026-02-14T13:14:08.594382,2026-02-14T13:14:08.594382,,
124,"ESWARI STORE, RAHMATH NAGAR",,,,,,0.0,,2026-02-14T13:14:08.594382,2026-02-14T13:14:08.594382,,
125,EXPRESS BAKERY(JUNCTION),,,,,,0.0,,2026-02-14T13:14:08.594382,2026-02-14T13:14:08.594382,,
126,F.M SAI CORNER,,,,,,0.0,,2026-02-14T13:14:08.594382,2026-02-14T13:14:08.594382,,
127,FAMILY SUPER MARKET(MELAPALAYAM),,,,,,0.0,,2026-02-14T13:14:08.594382,2026-02-14T13:14:08.594382,,
128,FAREED MILK AND COOLDRINKS(MELAPALAYAM),,,,,,0.0,,2026-02-14T13:14:08.594382,2026-02-14T13:14:08.594382,,
129,FATHIMA KOODESWARAN NAGAR,,,,,,0.0,,2026-02-14T13:14:08.594382,2026-02-14T13:14:08.594382,,
130,FAWZAN STORE EB ROAD,,,,,,0.0,,2026-02-14T13:14:08.594382,2026-02-14T13:14:08.594382,,
131,FLAVORZ STC COLLEGE,,,,,,0.0,,2026-02-14T13:14:08.594382,2026-02-14T13:14:08.594382,,
132,FLORA STORE THIYAGARAJA NAGAR,,,,,,0.0,,2026-02-14T13:14:08.594382,2026-02-14T13:14:08.594382,,
133,FM SAI CORNER(MELAPALAYAM),,,,,,0.0,,2026-02-14T13:14:08.594382,2026-02-14T13:14:08.594382,,
134,"FRIENDS COFFEE SHOP PALAY NEAR VIJAY TAILOR, SELVARANI OPP",,,,,,0.0,,2026-02-14T13:14:08.594382,2026-02-14T13:14:08.594382,,
135,FRIENDS TEA SHOP,,,,,,0.0,,2026-02-14T13:14:08.594382,2026-02-14T13:14:08.594382,,
136,FRIENDS TEA STALL(PALAY TVM MAIN ROAD),,,,,,0.0,,2026-02-14T13:14:08.594382,2026-02-14T13:14:08.594382,,
137,FX COLLEGE THARUVAI,,,,,,0.0,,2026-02-14T13:14:08.594382,2026-02-14T13:14:08.594382,,
138,G MART(PERUMALPURAM),,,,,,0.0,,2026-02-14T13:14:08.594382,2026-02-14T13:14:08.594382,,
139,G.MART(PERUMALPURAM),,,,,,0.0,,2026-02-14T13:14:08.594382,2026-02-14T13:14:08.594382,,
140,GANAPATHI MINI SUPERMARKET GOPALASAMUTHRAM,,,,,,0.0,,2026-02-14T13:14:08.594382,2026-02-14T13:14:08.594382,,
141,GANAPATHI TEA STALL SN HIGH ROAD JUNCTION BRIDGE DOWN,,,,,,0.0,,2026-02-14T13:14:08.594382,2026-02-14T13:14:08.594382,,
142,"GANESH STORE, KOTTURPURAM, THIMMARAJPURAM",,,,,,0.0,,2026-02-14T13:14:08.594382,2026-02-14T13:14:08.594382,,
143,GEETHAKANI AGENCY(TENKAS),,,,,,0.0,,2026-02-14T13:14:08.594382,2026-02-14T13:14:08.594382,,
144,"GOKUL IYANGAR BAKERY, TIRUCHENDUR ROAD",,,,,,0.0,,2026-02-14T13:14:08.594382,2026-02-14T13:14:08.594382,,
145,GOKUL TEA STALL GOODOWN NEAR,,,,,,0.0,,2026-02-14T13:14:08.594382,2026-02-14T13:14:08.594382,,
146,"GOLD BAR ICE-CREAM, GODOWN NEAR",,,,,,0.0,,2026-02-14T13:14:08.594382,2026-02-14T13:14:08.594382,,
147,GOLDEN GROCERY MART(PETTAI),,,,,,0.0,,2026-02-14T13:14:08.594382,2026-02-14T13:14:08.594382,,
148,GOLDEN STORE MANUR,,,,,,0.0,,2026-02-14T13:14:08.594382,2026-02-14T13:14:08.594382,,
149,GOLDEN TEA STALL KATCHIMANDAPAM TOWN,,,,,,0.0,,2026-02-14T13:14:08.594382,2026-02-14T13:14:08.594382,,
150,GOVT ENGINEERING COLLEGE,,,,,,0.0,,2026-02-14T13:14:08.594382,2026-02-14T13:14:08.594382,,
151,GURU STORE SINTHUBUNTHARAI,,,,,,0.0,,2026-02-14T13:14:08.594382,2026-02-14T13:14:08.594382,,
152,GURU VIGNESH STORE T-NAGAR,,,,,,0.0,,2026-02-14T13:14:08.594382,2026-02-14T13:14:08.594382,,
153,HABISHA STORE(MELAPALAYAM),,,,,,0.0,,2026-02-14T13:14:08.594382,2026-02-14T13:14:08.594382,,
154,HAJI ISLAM DUNYA SUPER MARKET,,,,,,0.0,,2026-02-14T13:14:08.594382,2026-02-14T13:14:08.594382,,
155,HAJI KASIANA SNACKS(MELAPALAYAM ROUNDANA),,,,,,0.0,,2026-02-14T13:14:08.594382,2026-02-14T13:14:08.594382,,
156,HAPPY SHOP THENTHIRUPPERAI,,,,,,0.0,,2026-02-14T13:14:08.594382,2026-02-14T13:14:08.594382,,
157,HARI JUICE CORNER SOUTH BAJAR YADAVRA POST OFFICE ROAD,,,,,,0.0,,2026-02-14T13:14:08.594382,2026-02-14T13:14:08.594382,,
158,HARI KRISHNA (RTO OFFICE),,,,,,0.0,,2026-02-14T13:14:08.594382,2026-02-14T13:14:08.594382,,
159,HARI RAM ESWARI STORE(KOKKIRAKULAM),,,,,,0.0,,2026-02-14T13:14:08.594382,2026-02-14T13:14:08.594382,,
160,HOTEL LAURA,,,,,,0.0,,2026-02-14T13:14:08.594382,2026-02-14T13:14:08.594382,,
161,HOTEL NEW RUCHI MURUGANKURICHI,,,,,,0.0,,2026-02-14T13:14:08.594382,2026-02-14T13:14:08.594382,,
162,HOTEL SRI SEENIVASA RAJAVVALLIPURAM ROAD SIDE,,,,,,0.0,,2026-02-14T13:14:08.594382,2026-02-14T13:14:08.594382,,
163,I TEA STALL MELAPALAYAM,,,,,,0.0,,2026-02-14T13:14:08.594382,2026-02-14T13:14:08.594382,,
164,IASS STAR,,,,,,0.0,,2026-02-14T13:14:08.594382,2026-02-14T13:14:08.594382,,
165,"IBRAHIM STORE(URAMIM, 3RD STREET, MELAPALAYAM)",,,,,,0.0,,2026-02-14T13:14:08.594382,2026-02-14T13:14:08.594382,,
166,ILAHI TEA STALL VANNARPETTAI,,,,,,0.0,,2026-02-14T13:14:08.594382,2026-02-14T13:14:08.594382,,
167,"IMRAN SWEETS AND TEA COFFEE, MELAPALAYAM",,,,,,0.0,,2026-02-14T13:14:08.594382,2026-02-14T13:14:08.594382,,
168,INDIRA KUMAR STORE (MANUR),,,,,,0.0,,2026-02-14T13:14:08.594382,2026-02-14T13:14:08.594382,,
169,INDRAKUMAR STORE MANUR,,,,,,0.0,,2026-02-14T13:14:08.594382,2026-02-14T13:14:08.594382,,
170,"ISAI THENIR VIRUNTHU TEA STALL SEVALAPERI RD, BARATH PETROL BULK OPP",,,,,,0.0,,2026-02-14T13:14:08.594382,2026-02-14T13:14:08.594382,,
171,ISHWARYA COOL DRINKS (PETTAI POLICE STATION),,,,,,0.0,,2026-02-14T13:14:08.594382,2026-02-14T13:14:08.594382,,
172,ISITHA VEG RESTAURANT(VM CHATHRAM),,,,,,0.0,,2026-02-14T13:14:08.594382,2026-02-14T13:14:08.594382,,
173,J D STORE TNAGAR,,,,,,0.0,,2026-02-14T13:14:08.594382,2026-02-14T13:14:08.594382,,
174,J. JAISHA INJI TEA KADAI(MELAPALAYAM),,,,,,0.0,,2026-02-14T13:14:08.594382,2026-02-14T13:14:08.594382,,
175,J.D STORE THIYAGARAJA NAGAR,,,,,,0.0,,2026-02-14T13:14:08.594382,2026-02-14T13:14:08.594382,,
176,"J.K DIVINE MERCY(OPP STC COLLEGE ROAD, PERUMALBURAM)",,,,,,0.0,,2026-02-14T13:14:08.594382,2026-02-14T13:14:08.594382,,
177,J.P STORES MANUR,,,,,,0.0,,2026-02-14T13:14:08.594382,2026-02-14T13:14:08.594382,,
178,"JAI MARUTHI STORE PETTAI(POLICE STATION OPP, SIVA NURSING SCHOOL)",,,,,,0.0,,2026-02-14T13:14:08.594382,2026-02-14T13:14:08.594382,,
179,JAI SELVI PALAMUTHIR SANKARNAGAR RAJAVALLIPURAM,,,,,,0.0,,2026-02-14T13:14:08.594382,2026-02-14T13:14:08.594382,,
180,JAI SRI SNACKS JUNCTION,,,,,,0.0,,2026-02-14T13:14:08.594382,2026-02-14T13:14:08.594382,,
181,JAM JAM TEA COFFEE(PETTAI PALLIVASAL OPP),,,,,,0.0,,2026-02-14T13:14:08.594382,2026-02-14T13:14:08.594382,,
182,JANANI BALABAGYA NAGAR,,,,,,0.0,,2026-02-14T13:14:08.594382,2026-02-14T13:14:08.594382,,
183,"JAYA COOL BAR(MADURAI ROAD, SANKARNAGAR)",,,,,,0.0,,2026-02-14T13:14:08.594382,2026-02-14T13:14:08.594382,,
184,JAYAM STORE,,,,,,0.0,,2026-02-14T13:14:08.594382,2026-02-14T13:14:08.594382,,
185,JEEVA MANNA HIGHGROUND,,,,,,0.0,,2026-02-14T13:14:08.594382,2026-02-14T13:14:08.594382,,
186,JENI STATIONARY POTHIGAI NAGAR,,,,,,0.0,,2026-02-14T13:14:08.594382,2026-02-14T13:14:08.594382,,
187,JENISHA HOTEL (ARAVIND EYE HOSPITAL NEAR),,,,,,0.0,,2026-02-14T13:14:08.594382,2026-02-14T13:14:08.594382,,
188,JESIMA COOL CORNER,,,,,,0.0,,2026-02-14T13:14:08.594382,2026-02-14T13:14:08.594382,,
189,JESUS STORE(SANKARANKOVIL MAIN ROAD),,,,,,0.0,,2026-02-14T13:14:08.594382,2026-02-14T13:14:08.594382,,
190,"JI STORE MKP NAGAR, TIRUCHENDUR ROAD",,,,,,0.0,,2026-02-14T13:14:08.594382,2026-02-14T13:14:08.594382,,
191,JJ FAMILY RESTAURANT(THACHAI BYEPASS),,,,,,0.0,,2026-02-14T13:14:08.594382,2026-02-14T13:14:08.594382,,
192,JJ HOTEL,,,,,,0.0,,2026-02-14T13:14:08.594382,2026-02-14T13:14:08.594382,,
193,JJ STORE MKP NAGAR TIRUCHENDHUR ROAD NEAR CHURCH,,,,,,0.0,,2026-02-14T13:14:08.594382,2026-02-14T13:14:08.594382,,
194,JOTHI COOL BAR (PVT),,,,,,0.0,,2026-02-14T13:14:08.594382,2026-02-14T13:14:08.594382,,
195,JOTHI STORE(JUNCTION WATER TANK NEAR),,,,,,0.0,,2026-02-14T13:14:08.594382,2026-02-14T13:14:08.594382,,
196,JOY HAPPY SUTHAMALLI,,,,,,0.0,,2026-02-14T13:14:08.594382,2026-02-14T13:14:08.594382,,
197,JRS FANCY NEAR OLD TALUK OFFC SRIVAIKUNDAM,,,,,,0.0,,2026-02-14T13:14:08.594382,2026-02-14T13:14:08.594382,,
198,"K.M FRUITS, EB OPPOSITE",,,,,,0.0,,2026-02-14T13:14:08.594382,2026-02-14T13:14:08.594382,,
199,K.RAJ BAKERY SWEETS AND KAARAM(NGO-A COLONY MAIN ROAD),,,,,,0.0,,2026-02-14T13:14:08.594382,2026-02-14T13:14:08.594382,,
200,K.V SWEETS AND SNACKS(MAANUR MAIN ROAD),,,,,,0.0,,2026-02-14T13:14:08.594382,2026-02-14T13:14:08.594382,,
201,KAALAI PASI UNAVAGAM(JUNCTION BUS STAND),,,,,,0.0,,2026-02-14T13:14:08.594382,2026-02-14T13:14:08.594382,,
202,KAKKAN NAGAR FUNCTION,,,,,,0.0,,2026-02-14T13:14:08.594382,2026-02-14T13:14:08.594382,,
203,KALANJIYAM SUPER MARKET REDDIARPATTI MAIN ROAD,,,,,,0.0,,2026-02-14T13:14:08.594382,2026-02-14T13:14:08.594382,,
204,KALLUR,,,,,,0.0,,2026-02-14T13:14:08.594382,2026-02-14T13:14:08.594382,,
205,KALYANIKUMAR STORE PETTAI CHEKKADI MEDICARE LAV,,,,,,0.0,,2026-02-14T13:14:08.594382,2026-02-14T13:14:08.594382,,
206,KAMALA STORE PERUMALPURAM,,,,,,0.0,,2026-02-14T13:14:08.594382,2026-02-14T13:14:08.594382,,
207,KAMALA STORE(JUNCTION),,,,,,0.0,,2026-02-14T13:14:08.594382,2026-02-14T13:14:08.594382,,
208,"KANI COOL BAR, KRISHNAPURAM",,,,,,0.0,,2026-02-14T13:14:08.594382,2026-02-14T13:14:08.594382,,
209,KANJIPURAM SUPER MARKET(REDDIARPATTI ROAD),,,,,,0.0,,2026-02-14T13:14:08.594382,2026-02-14T13:14:08.594382,,
210,KARPAGA VINAYAGAR STORE(RAMALAKSHMI ROAD),,,,,,0.0,,2026-02-14T13:14:08.594382,2026-02-14T13:14:08.594382,,
211,KARUVELRAJA STORE SOUTH BAJAR PSP MAHAL OPP,,,,,,0.0,,2026-02-14T13:14:08.594382,2026-02-14T13:14:08.594382,,
212,KASITHANGAM STORE PERUMALPURAM,,,,,,0.0,,2026-02-14T13:14:08.594382,2026-02-14T13:14:08.594382,,
213,KAVITHA AGENCY KOVILPATTI\,,,,,,0.0,,2026-02-14T13:14:08.594382,2026-02-14T13:14:08.594382,,
214,KN STORE EB ROAD GANESH NAGAR,,,,,,0.0,,2026-02-14T13:14:08.594382,2026-02-14T13:14:08.594382,,
215,KONGUNTHANPARAI MARRIAGE EVENT,,,,,,0.0,,2026-02-14T13:14:08.594382,2026-02-14T13:14:08.594382,,
216,KRISHNA PANNAI PAAL(VANNARPETTAI),,,,,,0.0,,2026-02-14T13:14:08.594382,2026-02-14T13:14:08.594382,,
217,KRISHNA STORE RAJAVVALLIPURAM ROAD,,,,,,0.0,,2026-02-14T13:14:08.594382,2026-02-14T13:14:08.594382,,
218,KUDANGULAM,,,,,,0.0,,2026-02-14T13:14:08.594382,2026-02-14T13:14:08.594382,,
219,KUMARAN STORE MELAPALAYAM,,,,,,0.0,,2026-02-14T13:14:08.594382,2026-02-14T13:14:08.594382,,
220,KUMBAKONAM DEGREE COFFEE,,,,,,0.0,,2026-02-14T13:14:08.594382,2026-02-14T13:14:08.594382,,
221,KUSBHU TEA STALL JUNCTION,,,,,,0.0,,2026-02-14T13:14:08.594382,2026-02-14T13:14:08.594382,,
222,KUTTI PANNAI STORE (GOKUL TEA OPP),,,,,,0.0,,2026-02-14T13:14:08.594382,2026-02-14T13:14:08.594382,,
223,KUTTI STORE THIRUMAL NAGAR,,,,,,0.0,,2026-02-14T13:14:08.594382,2026-02-14T13:14:08.594382,,
224,KUTTY STORE,,,,,,0.0,,2026-02-14T13:14:08.594382,2026-02-14T13:14:08.594382,,
225,LAWRENCE PALAMUTHIRSOLAI SAMATHANAPURAM PALAY,,,,,,0.0,,2026-02-14T13:14:08.594382,2026-02-14T13:14:08.594382,,
226,LINE SALES,,,,,,0.0,,2026-02-14T13:14:08.594382,2026-02-14T13:14:08.594382,,
227,LION FLEX,,,,,,0.0,,2026-02-14T13:14:08.594382,2026-02-14T13:14:08.594382,,
228,LUCKY TEA STALL THACHAI,,,,,,0.0,,2026-02-14T13:14:08.594382,2026-02-14T13:14:08.594382,,
229,"M.A.S STORE, SANKAR NAGAR EB ROAD",,,,,,0.0,,2026-02-14T13:14:08.594382,2026-02-14T13:14:08.594382,,
230,M.JEYAGANESH PALAMUTHIRSOLAI(MANUR),,,,,,0.0,,2026-02-14T13:14:08.594382,2026-02-14T13:14:08.594382,,
231,M.M ATORE SOUTH BAJAR,,,,,,0.0,,2026-02-14T13:14:08.594382,2026-02-14T13:14:08.594382,,
232,M.PERUMAL TEA STALL(RAGHU SAKTHI),,,,,,0.0,,2026-02-14T13:14:08.594382,2026-02-14T13:14:08.594382,,
233,M.R.V COOL DRINKS(KATCHIMANDAPAM),,,,,,0.0,,2026-02-14T13:14:08.594382,2026-02-14T13:14:08.594382,,
234,M.S STORE RAMAYANPATTI,,,,,,0.0,,2026-02-14T13:14:08.594382,2026-02-14T13:14:08.594382,,
235,M.S STORE SANTHINAGAR SEVALAPERI ROAD,,,,,,0.0,,2026-02-14T13:14:08.594382,2026-02-14T13:14:08.594382,,
236,MAARA AGENCY,,,,,,0.0,,2026-02-14T13:14:08.594382,2026-02-14T13:14:08.594382,,
237,MAARA BAKERY,,,,,,0.0,,2026-02-14T13:14:08.594382,2026-02-14T13:14:08.594382,,
238,MADHA TEA STALL KRISHNA KOVIL,,,,,,0.0,,2026-02-14T13:14:08.594382,2026-02-14T13:14:08.594382,,
239,MADHU BALA HOSPITAL,,,,,,0.0,,2026-02-14T13:14:08.594382,2026-02-14T13:14:08.594382,,
240,MADINA PALAKADAI MANUR,,,,,,0.0,,2026-02-14T13:14:08.594382,2026-02-14T13:14:08.594382,,
241,MADURAH STORE JAYENDRA SCHOOL STREET,,,,,,0.0,,2026-02-14T13:14:08.594382,2026-02-14T13:14:08.594382,,
242,MAGHILINI TEA COFFEE(D.A.M OPPOSITE ROUNDANA),,,,,,0.0,,2026-02-14T13:14:08.594382,2026-02-14T13:14:08.594382,,
243,MAHA SWEETS AND BAKERIES( RAM THEATRE),,,,,,0.0,,2026-02-14T13:14:08.594382,2026-02-14T13:14:08.594382,,
244,MAHA VAISHNAVI FRUIT,,,,,,0.0,,2026-02-14T13:14:08.594382,2026-02-14T13:14:08.594382,,
245,"MAHARAJA FRESH CORNER, MS UNIVERSITY OPP",,,,,,0.0,,2026-02-14T13:14:08.594382,2026-02-14T13:14:08.594382,,
246,MAHARAJA MALLIGAI (CHEKKADI),,,,,,0.0,,2026-02-14T13:14:08.594382,2026-02-14T13:14:08.594382,,
247,"MAHARAJA MALLIGAI (CHEKKADI), thiruthu road",,,,,,0.0,,2026-02-14T13:14:08.594382,2026-02-14T13:14:08.594382,,
248,MAHARAJA STORE RAJAVALLIPURAM,,,,,,0.0,,2026-02-14T13:14:08.594382,2026-02-14T13:14:08.594382,,
249,MAHESH TEA STALL CN VILLAGE,,,,,,0.0,,2026-02-14T13:14:08.594382,2026-02-14T13:14:08.594382,,
250,MALLIGA STORE T-NAGAR,,,,,,0.0,,2026-02-14T13:14:08.594382,2026-02-14T13:14:08.594382,,
251,"MANI COOLBAR, MAHARAJANAGAR(WINESHOP OPP)",,,,,,0.0,,2026-02-14T13:14:08.594382,2026-02-14T13:14:08.594382,,
252,MANI TEA STALL(PERUMALBURAM),,,,,,0.0,,2026-02-14T13:14:08.594382,2026-02-14T13:14:08.594382,,
253,MANO STORE SANTHI NAGAR 6TH MAIN ROAD,,,,,,0.0,,2026-02-14T13:14:08.594382,2026-02-14T13:14:08.594382,,
254,MARIS TEA STALL,,,,,,0.0,,2026-02-14T13:14:08.594382,2026-02-14T13:14:08.594382,,
255,MARIYA BERNAD AMMAN SANNATHI STREET TOWN,,,,,,0.0,,2026-02-14T13:14:08.594382,2026-02-14T13:14:08.594382,,
256,MARRIAGE ORDER PETTAI,,,,,,0.0,,2026-02-14T13:14:08.594382,2026-02-14T13:14:08.594382,,
257,"MASS COOL BAR(NEAR VENUS OPTICALS, VAIKAL PALAM)",,,,,,0.0,,2026-02-14T13:14:08.594382,2026-02-14T13:14:08.594382,,
258,MASS STORE KALLANAI SCHOOL OPP,,,,,,0.0,,2026-02-14T13:14:08.594382,2026-02-14T13:14:08.594382,,
259,MATHESH TEA STALL(KURUKUTHARAI),,,,,,0.0,,2026-02-14T13:14:08.594382,2026-02-14T13:14:08.594382,,
260,MATHI SUJATHA PETTAI ITI,,,,,,0.0,,2026-02-14T13:14:08.594382,2026-02-14T13:14:08.594382,,
261,MAYURAH BAKERY,,,,,,0.0,,2026-02-14T13:14:08.594382,2026-02-14T13:14:08.594382,,
262,MDT SCHOOL,,,,,,0.0,,2026-02-14T13:14:08.594382,2026-02-14T13:14:08.594382,,
263,MEENA CAFE(HIGH GROUND ROAD),,,,,,0.0,,2026-02-14T13:14:08.594382,2026-02-14T13:14:08.594382,,
264,MINA MART,,,,,,0.0,,2026-02-14T13:14:08.594382,2026-02-14T13:14:08.594382,,
265,MINARVA BAKERY MAHARAJA NAGAR,,,,,,0.0,,2026-02-14T13:14:08.594382,2026-02-14T13:14:08.594382,,
266,MKL STORE MELAPALAYAM ROUNDANA,,,,,,0.0,,2026-02-14T13:14:08.594382,2026-02-14T13:14:08.594382,,
267,MOHAN FANCY AR LINE,,,,,,0.0,,2026-02-14T13:14:08.594382,2026-02-14T13:14:08.594382,,
268,MOORTHI STORE LITTLE FLOWER SCHOOL NEAR PETTAI,,,,,,0.0,,2026-02-14T13:14:08.594382,2026-02-14T13:14:08.594382,,
269,MR. WHITE FRIED CHICKEN GOODOWN NEAR,,,,,,0.0,,2026-02-14T13:14:08.594382,2026-02-14T13:14:08.594382,,
270,MS STORE CN VILLAGE(SRI RAJAGOPAL TEMPLE OPP),,,,,,0.0,,2026-02-14T13:14:08.594382,2026-02-14T13:14:08.594382,,
271,MS STORE SANTHI NAGAR SEVALAPERI ROAD,,,,,,0.0,,2026-02-14T13:14:08.594382,2026-02-14T13:14:08.594382,,
272,MS UNIVERSITY CANTEEN,,,,,,0.0,,2026-02-14T13:14:08.594382,2026-02-14T13:14:08.594382,,
273,"MSM BAKERY AND SWEETS(NGO-A COLONY, JEBA GARDEN)",,,,,,0.0,,2026-02-14T13:14:08.594382,2026-02-14T13:14:08.594382,,
274,MUGUNTHAN STORE(GOBALASAMUTHIRAM ROAD),,,,,,0.0,,2026-02-14T13:14:08.594382,2026-02-14T13:14:08.594382,,
275,MUKUND STORE. GOPALASAMUTHRAM ROAD,,,,,,0.0,,2026-02-14T13:14:08.594382,2026-02-14T13:14:08.594382,,
276,MURUGAN PALAKADAI,,,,,,0.0,,2026-02-14T13:14:08.594382,2026-02-14T13:14:08.594382,,
277,MURUGAN STORE VANNARPETTAI,,,,,,0.0,,2026-02-14T13:14:08.594382,2026-02-14T13:14:08.594382,,
278,MURUGAN STORE(TIRUCHENDUR MAIN ROAD),,,,,,0.0,,2026-02-14T13:14:08.594382,2026-02-14T13:14:08.594382,,
279,MURUGAN TEA STALL (ANNAIVELANGANI NEAR),,,,,,0.0,,2026-02-14T13:14:08.594382,2026-02-14T13:14:08.594382,,
280,MUTHU KITCHEN EB ROAD,,,,,,0.0,,2026-02-14T13:14:08.594382,2026-02-14T13:14:08.594382,,
281,MUTHU STORE SOUTH BAJAR,,,,,,0.0,,2026-02-14T13:14:08.594382,2026-02-14T13:14:08.594382,,
282,"MUTHURAM JUICE CORNER NEAR MASSA HOTEL, SOUTH BAJAR",,,,,,0.0,,2026-02-14T13:14:08.594382,2026-02-14T13:14:08.594382,,
283,MYDEEN STORE SANKAR NAGAR PALLIVASAL ROAD,,,,,,0.0,,2026-02-14T13:14:08.594382,2026-02-14T13:14:08.594382,,
284,MYMOON STORE,,,,,,0.0,,2026-02-14T13:14:08.594382,2026-02-14T13:14:08.594382,,
285,NALLAIYA STORES,,,,,,0.0,,2026-02-14T13:14:08.594382,2026-02-14T13:14:08.594382,,
286,NAMMA HOTEL,,,,,,0.0,,2026-02-14T13:14:08.594382,2026-02-14T13:14:08.594382,,
287,"NAMMA TEA KADAI(AAMINPURAM 7TH STREET, MELAPALAYAM)",,,,,,0.0,,2026-02-14T13:14:08.594382,2026-02-14T13:14:08.594382,,
288,NAMMA TEA STORE(TIRUNCHENDUR),,,,,,0.0,,2026-02-14T13:14:08.594382,2026-02-14T13:14:08.594382,,
289,NANDHINI MALLIGAI STORE(V.M CHATRAM),,,,,,0.0,,2026-02-14T13:14:08.594382,2026-02-14T13:14:08.594382,,
290,NANI CHAI(melapalayam),,,,,,0.0,,2026-02-14T13:14:08.594382,2026-02-14T13:14:08.594382,,
291,NARASIMA STORE PETTAI MILL,,,,,,0.0,,2026-02-14T13:14:08.594382,2026-02-14T13:14:08.594382,,
292,NATRAJ BHAVAN,,,,,,0.0,,2026-02-14T13:14:08.594382,2026-02-14T13:14:08.594382,,
293,NATRAJ STORE NGO COLONY,,,,,,0.0,,2026-02-14T13:14:08.594382,2026-02-14T13:14:08.594382,,
294,NATRAJ STORE(OPP RTO OFFICE),,,,,,0.0,,2026-02-14T13:14:08.594382,2026-02-14T13:14:08.594382,,
295,NAVEENA TEA STALL (JUNCTION BRIDGE UNDER),,,,,,0.0,,2026-02-14T13:14:08.594382,2026-02-14T13:14:08.594382,,
296,NAVINA TEA STALL (TOWN BRIDGE),,,,,,0.0,,2026-02-14T13:14:08.594382,2026-02-14T13:14:08.594382,,
297,NAWAB TEA STALL(LAKSHMI THEATRE OPP),,,,,,0.0,,2026-02-14T13:14:08.594382,2026-02-14T13:14:08.594382,,
298,NAWAB THAMBI TEA STALL,,,,,,0.0,,2026-02-14T13:14:08.594382,2026-02-14T13:14:08.594382,,
299,NELLAI BUHARI HOTEL(VANNARPETTAI),,,,,,0.0,,2026-02-14T13:14:08.594382,2026-02-14T13:14:08.594382,,
300,NELLAI GREEN,,,,,,0.0,,2026-02-14T13:14:08.594382,2026-02-14T13:14:08.594382,,
301,"NELLAI GREEN KAAIKANI VIYABVARAM(UAMIPURAM,V 7THV STREET)",,,,,,0.0,,2026-02-14T13:14:08.594382,2026-02-14T13:14:08.594382,,
302,NELLAI KOORAIKADAI MADURAI BYEPASS PETROL BUNK OPP,,,,,,0.0,,2026-02-14T13:14:08.594382,2026-02-14T13:14:08.594382,,
303,NELLAI KRISHNA PAL PANNAI,,,,,,0.0,,2026-02-14T13:14:08.594382,2026-02-14T13:14:08.594382,,
304,NELLAI MAPLA MESS,,,,,,0.0,,2026-02-14T13:14:08.594382,2026-02-14T13:14:08.594382,,
305,NELLAI MART VANNARAPETTAI(S.K ARYA INSIDE),,,,,,0.0,,2026-02-14T13:14:08.594382,2026-02-14T13:14:08.594382,,
306,"NELLAIAPPAR UNAVAGAM TOWN, SWAMI SANTHI STREET)",,,,,,0.0,,2026-02-14T13:14:08.594382,2026-02-14T13:14:08.594382,,
307,NEW ARCHANA CAFE MADURAI ROAD,,,,,,0.0,,2026-02-14T13:14:08.594382,2026-02-14T13:14:08.594382,,
308,NEW CHITHRA STORE( SRIPURAM POST OFFICE OPP),,,,,,0.0,,2026-02-14T13:14:08.594382,2026-02-14T13:14:08.594382,,
309,"NEW CRESCENT SNACKS(CHANDRA SWEETS NEAR, JUNCTION)",,,,,,0.0,,2026-02-14T13:14:08.594382,2026-02-14T13:14:08.594382,,
310,NEW PULAVAR SUPERMARKET KRISHNANKOVIL PALAY MARKET,,,,,,0.0,,2026-02-14T13:14:08.594382,2026-02-14T13:14:08.594382,,
311,"NEW RAJA PALAMUTHIRSOLAI, PETTAI ROAD(SANTHIGANESH BAKERY NEAR)",,,,,,0.0,,2026-02-14T13:14:08.594382,2026-02-14T13:14:08.594382,,
312,NEW RAJA TEA STALL TOWN POTHYS OPP,,,,,,0.0,,2026-02-14T13:14:08.594382,2026-02-14T13:14:08.594382,,
313,NEW RUCHI NEW BUSSTAND,,,,,,0.0,,2026-02-14T13:14:08.594382,2026-02-14T13:14:08.594382,,
314,NEW SRI MAHALAKSHMI IYENGAR,,,,,,0.0,,2026-02-14T13:14:08.594382,2026-02-14T13:14:08.594382,,
315,NEW SUPREME BAKERY,,,,,,0.0,,2026-02-14T13:14:08.594382,2026-02-14T13:14:08.594382,,
316,NIJAM COOL BAR(ATCHAYA BACKSIDE ROUNDANA),,,,,,0.0,,2026-02-14T13:14:08.594382,2026-02-14T13:14:08.594382,,
317,"NIJAM STORE (CHEKKADI THIRUTHU THERU, PETTAI)",,,,,,0.0,,2026-02-14T13:14:08.594382,2026-02-14T13:14:08.594382,,
318,NITHYA SUPER MARKET (THIYAGARAJA NAGAR),,,,,,0.0,,2026-02-14T13:14:08.594382,2026-02-14T13:14:08.594382,,
319,NO NAME MELAPALAYAM,,,,,,0.0,,2026-02-14T13:14:08.594382,2026-02-14T13:14:08.594382,,
320,NYANAM STORE THACHAI,,,,,,0.0,,2026-02-14T13:14:08.594382,2026-02-14T13:14:08.594382,,
321,OM CHAIRMANE STORE,,,,,,0.0,,2026-02-14T13:14:08.594382,2026-02-14T13:14:08.594382,,
322,OM MURUGA STORE BALABAGYA NAGAR,,,,,,0.0,,2026-02-14T13:14:08.594382,2026-02-14T13:14:08.594382,,
323,OM SAI TEA STALL TOWN THACHAI,,,,,,0.0,,2026-02-14T13:14:08.594382,2026-02-14T13:14:08.594382,,
324,OSCAR STORE PERUMALPURAM,,,,,,0.0,,2026-02-14T13:14:08.594382,2026-02-14T13:14:08.594382,,
325,P. MANI STORE MELAPALAYAM,,,,,,0.0,,2026-02-14T13:14:08.594382,2026-02-14T13:14:08.594382,,
326,P.M. TEA STALL(KARUNGULAM ROAD),,,,,,0.0,,2026-02-14T13:14:08.594382,2026-02-14T13:14:08.594382,,
327,P.RAJENDHIRAN STORE PERUMALPURAM,,,,,,0.0,,2026-02-14T13:14:08.594382,2026-02-14T13:14:08.594382,,
328,P.S STORE MANUR,,,,,,0.0,,2026-02-14T13:14:08.594382,2026-02-14T13:14:08.594382,,
329,P.S STORE THACHAI,,,,,,0.0,,2026-02-14T13:14:08.594382,2026-02-14T13:14:08.594382,,
330,P.V.K SUPER MARKET(KURICHI),,,,,,0.0,,2026-02-14T13:14:08.594382,2026-02-14T13:14:08.594382,,
331,PAAL PANDI STORE(PERIYAR NAGAR),,,,,,0.0,,2026-02-14T13:14:08.594382,2026-02-14T13:14:08.594382,,
332,PALANI MURUGAN SHOPPING,,,,,,0.0,,2026-02-14T13:14:08.594382,2026-02-14T13:14:08.594382,,
333,PALKANI KRISHNAPURAM,,,,,,0.0,,2026-02-14T13:14:08.594382,2026-02-14T13:14:08.594382,,
334,PALMYRA GRAND IN,,,,,,0.0,,2026-02-14T13:14:08.594382,2026-02-14T13:14:08.594382,,
335,PANDIYAN STORE TOWN KEELA RATHA VITHI,,,,,,0.0,,2026-02-14T13:14:08.594382,2026-02-14T13:14:08.594382,,
336,PARAKATH STORE SIVAN THERU RATHA VITHI,,,,,,0.0,,2026-02-14T13:14:08.594382,2026-02-14T13:14:08.594382,,
337,PARAMBARIYA KARUPATTI COFFEE(MELAPALAYAM,,,,,,0.0,,2026-02-14T13:14:08.594382,2026-02-14T13:14:08.594382,,
338,PARAMESWARI BALABAGYA NAGAR,,,,,,0.0,,2026-02-14T13:14:08.594382,2026-02-14T13:14:08.594382,,
339,PARITH MILK & COOL DRINKS MELAPALAYAM,,,,,,0.0,,2026-02-14T13:14:08.594382,2026-02-14T13:14:08.594382,,
340,"PARVATHY STORE(CHEKKADI, PETTAI)",,,,,,0.0,,2026-02-14T13:14:08.594382,2026-02-14T13:14:08.594382,,
341,PASEERA STORE,,,,,,0.0,,2026-02-14T13:14:08.594382,2026-02-14T13:14:08.594382,,
342,PASUMPAL THENIR KADAI(VAGEDI MUKKU),,,,,,0.0,,2026-02-14T13:14:08.594382,2026-02-14T13:14:08.594382,,
343,PAVITHRA STORE CN VILLAGE,,,,,,0.0,,2026-02-14T13:14:08.594382,2026-02-14T13:14:08.594382,,
344,"PETHANACHI STORE, SANTHI NAGAR",,,,,,0.0,,2026-02-14T13:14:08.594382,2026-02-14T13:14:08.594382,,
345,"PINKY COOL DRINKS(MURUGANKURICHI, HOTEL RUCHI NEAR)",,,,,,0.0,,2026-02-14T13:14:08.594382,2026-02-14T13:14:08.594382,,
346,PKS VEGETABLES,,,,,,0.0,,2026-02-14T13:14:08.594382,2026-02-14T13:14:08.594382,,
347,PM TEA,,,,,,0.0,,2026-02-14T13:14:08.594382,2026-02-14T13:14:08.594382,,
348,PONNUSAMY STORE SANKARNAGAR,,,,,,0.0,,2026-02-14T13:14:08.594382,2026-02-14T13:14:08.594382,,
349,"PONRAJ STORE(MANGAMMAL SALAI, KTC NAGAR)",,,,,,0.0,,2026-02-14T13:14:08.594382,2026-02-14T13:14:08.594382,,
350,PONRAJ STORE(MANUR),,,,,,0.0,,2026-02-14T13:14:08.594382,2026-02-14T13:14:08.594382,,
351,POORANI STORE,,,,,,0.0,,2026-02-14T13:14:08.594382,2026-02-14T13:14:08.594382,,
352,"PREEDA STORE(ANBUNAGAR, PERUMALBURAM)",,,,,,0.0,,2026-02-14T13:14:08.594382,2026-02-14T13:14:08.594382,,
353,PREETHI TEA COFFEE(KRISHNA HOSPITAL OPPOSITE),,,,,,0.0,,2026-02-14T13:14:08.594382,2026-02-14T13:14:08.594382,,
354,PSN CANTEEN 1,,,,,,0.0,,2026-02-14T13:14:08.594382,2026-02-14T13:14:08.594382,,
355,PSS CANTEEN 2,,,,,,0.0,,2026-02-14T13:14:08.594382,2026-02-14T13:14:08.594382,,
356,PUGALENTHI RAJA TEA STALL(PETTAI RAILWAY GATE NEAR),,,,,,0.0,,2026-02-14T13:14:08.594382,2026-02-14T13:14:08.594382,,
357,PVK SUPERMARKET KURICHI,,,,,,0.0,,2026-02-14T13:14:08.594382,2026-02-14T13:14:08.594382,,
358,R.D.S STORE TOWN,,,,,,0.0,,2026-02-14T13:14:08.594382,2026-02-14T13:14:08.594382,,
359,R.P XEROX RANI ANNA COLLEGE OPP,,,,,,0.0,,2026-02-14T13:14:08.594382,2026-02-14T13:14:08.594382,,
360,"R.S SNACKS(OPPOSITE TO PETROL BULK, DUCCAMALPURAM)",,,,,,0.0,,2026-02-14T13:14:08.594382,2026-02-14T13:14:08.594382,,
361,R.S.S MANIAN ANGADI HIGHGROUND BACKSIDE,,,,,,0.0,,2026-02-14T13:14:08.594382,2026-02-14T13:14:08.594382,,
362,RAHMAN STATIONARY(SOOTHAMALLI),,,,,,0.0,,2026-02-14T13:14:08.594382,2026-02-14T13:14:08.594382,,
363,RAHMATH HOTEL RASTHA,,,,,,0.0,,2026-02-14T13:14:08.594382,2026-02-14T13:14:08.594382,,
364,RAJ MALLIGAI STORE THACHAI,,,,,,0.0,,2026-02-14T13:14:08.594382,2026-02-14T13:14:08.594382,,
365,RAJ STORE,,,,,,0.0,,2026-02-14T13:14:08.594382,2026-02-14T13:14:08.594382,,
366,RAJ STORE BYPASS,,,,,,0.0,,2026-02-14T13:14:08.594382,2026-02-14T13:14:08.594382,,
367,RAJ STORE THACHAI,,,,,,0.0,,2026-02-14T13:14:08.594382,2026-02-14T13:14:08.594382,,
368,RAJ STORE(NEAR DHASH PAAL PANNAI),,,,,,0.0,,2026-02-14T13:14:08.594382,2026-02-14T13:14:08.594382,,
369,RAJA FRUIT KODISWARNAGAR,,,,,,0.0,,2026-02-14T13:14:08.594382,2026-02-14T13:14:08.594382,,
370,"RAJA PALAMUTHIRSOLAI(KARUNYA NAGAR, SP OFFICE NEAR)",,,,,,0.0,,2026-02-14T13:14:08.594382,2026-02-14T13:14:08.594382,,
371,RAJA STORE CN VILLAGE,,,,,,0.0,,2026-02-14T13:14:08.594382,2026-02-14T13:14:08.594382,,
372,RAJAM SHOP AND MALLIGAI(MELAPALAYAM),,,,,,0.0,,2026-02-14T13:14:08.594382,2026-02-14T13:14:08.594382,,
373,RAJAM SNACKS RMKV OPP,,,,,,0.0,,2026-02-14T13:14:08.594382,2026-02-14T13:14:08.594382,,
374,RAJAM TEA STALL VAIRAMALIGAI ARUGIL,,,,,,0.0,,2026-02-14T13:14:08.594382,2026-02-14T13:14:08.594382,,
375,RAJENDRAN STORE,,,,,,0.0,,2026-02-14T13:14:08.594382,2026-02-14T13:14:08.594382,,
376,RAJENDRAN STORE THARAPURAM NEAR BETHEL SNACKS,,,,,,0.0,,2026-02-14T13:14:08.594382,2026-02-14T13:14:08.594382,,
377,RAM AGIL KARUMBUSAR KADAI SANTHI NAGAR SUPREME MOTOR,,,,,,0.0,,2026-02-14T13:14:08.594382,2026-02-14T13:14:08.594382,,
378,RAM SHOPPING JUNCTION,,,,,,0.0,,2026-02-14T13:14:08.594382,2026-02-14T13:14:08.594382,,
379,RAM STORE BOMBAY THEATRE NEAR,,,,,,0.0,,2026-02-14T13:14:08.594382,2026-02-14T13:14:08.594382,,
380,RAM THEATRE,,,,,,0.0,,2026-02-14T13:14:08.594382,2026-02-14T13:14:08.594382,,
381,"RAMA TEA STALL(MADURAI ROAD, CHECK POST NEAR)",,,,,,0.0,,2026-02-14T13:14:08.594382,2026-02-14T13:14:08.594382,,
382,RAMALAKSHMI STORE TOWN,,,,,,0.0,,2026-02-14T13:14:08.594382,2026-02-14T13:14:08.594382,,
383,RAMESH AGENCY REDDIARPATTI,,,,,,0.0,,2026-02-14T13:14:08.594382,2026-02-14T13:14:08.594382,,
384,RAMESH STORE THIMARAJAPURAM SEVALAPERI ROAD NEAR NILA HAIR STYLE,,,,,,0.0,,2026-02-14T13:14:08.594382,2026-02-14T13:14:08.594382,,
385,RANI ANNA COLLEGE CANTEEN,,,,,,0.0,,2026-02-14T13:14:08.594382,2026-02-14T13:14:08.594382,,
386,RASMAN STATIONARY SUTHAMALI,,,,,,0.0,,2026-02-14T13:14:08.594382,2026-02-14T13:14:08.594382,,
387,RATHI SWEETS MANUR,,,,,,0.0,,2026-02-14T13:14:08.594382,2026-02-14T13:14:08.594382,,
388,RATHY SWEETS MANUR,,,,,,0.0,,2026-02-14T13:14:08.594382,2026-02-14T13:14:08.594382,,
389,RAWUTHAS BAKERY THACHAI,,,,,,0.0,,2026-02-14T13:14:08.594382,2026-02-14T13:14:08.594382,,
390,REHOBATH STORE,,,,,,0.0,,2026-02-14T13:14:08.594382,2026-02-14T13:14:08.594382,,
391,REJI STORE THACHAI,,,,,,0.0,,2026-02-14T13:14:08.594382,2026-02-14T13:14:08.594382,,
392,REKHA STORES(VANNAPETTAI) SALAI STREET,,,,,,0.0,,2026-02-14T13:14:08.594382,2026-02-14T13:14:08.594382,,
393,REVATHI TEA STORE RASTHA,,,,,,0.0,,2026-02-14T13:14:08.594382,2026-02-14T13:14:08.594382,,
394,RITHIKA PAAL PANNAI(GOODOWN NEAR)\,,,,,,0.0,,2026-02-14T13:14:08.594382,2026-02-14T13:14:08.594382,,
395,ROSHAN TEA STALL SOUTH BAJAR POST OFFICE NEAR,,,,,,0.0,,2026-02-14T13:14:08.594382,2026-02-14T13:14:08.594382,,
396,ROYAL TEA STALL(VAGEDIMUKKU TOWN),,,,,,0.0,,2026-02-14T13:14:08.594382,2026-02-14T13:14:08.594382,,
397,RR STORE(MUNNERPALAM POLICE STATION OPP),,,,,,0.0,,2026-02-14T13:14:08.594382,2026-02-14T13:14:08.594382,,
398,RTO COOL DRINK,,,,,,0.0,,2026-02-14T13:14:08.594382,2026-02-14T13:14:08.594382,,
399,"RUBINA STORE, HAMIMPURAM, 4TH STREET, MELAPALAYAM",,,,,,0.0,,2026-02-14T13:14:08.594382,2026-02-14T13:14:08.594382,,
400,RUCHI JUICE CORNER SOUTH BAJAR NEAR BOOK SHOP(NEAR AYRATHAMMAN KOVIL),,,,,,0.0,,2026-02-14T13:14:08.594382,2026-02-14T13:14:08.594382,,
401,RUCHI TEA STALL PALAYAMKOTTAI,,,,,,0.0,,2026-02-14T13:14:08.594382,2026-02-14T13:14:08.594382,,
402,RUCHI TEA STALL(NEW BUS STAND),,,,,,0.0,,2026-02-14T13:14:08.594382,2026-02-14T13:14:08.594382,,
403,"S P R SUBAM SUPER MARKET(MANGAMMAL SALAI, KTC NAGAR)",,,,,,0.0,,2026-02-14T13:14:08.594382,2026-02-14T13:14:08.594382,,
404,S.ASIR KARUPATTI COFFEE(PSS THEATRE OPP),,,,,,0.0,,2026-02-14T13:14:08.594382,2026-02-14T13:14:08.594382,,
405,S.K ARYA TEA STALL(VANNARAPETTAI),,,,,,0.0,,2026-02-14T13:14:08.594382,2026-02-14T13:14:08.594382,,
406,S.M STORE,,,,,,0.0,,2026-02-14T13:14:08.594382,2026-02-14T13:14:08.594382,,
407,S.MURUGAN STORE(VANNARAPETTAI),,,,,,0.0,,2026-02-14T13:14:08.594382,2026-02-14T13:14:08.594382,,
408,S.P STORE MUTHURAMANKOVIL STREET,,,,,,0.0,,2026-02-14T13:14:08.594382,2026-02-14T13:14:08.594382,,
409,S.P STORE THACHAI,,,,,,0.0,,2026-02-14T13:14:08.594382,2026-02-14T13:14:08.594382,,
410,S.P SUPER MARKET THACHAI,,,,,,0.0,,2026-02-14T13:14:08.594382,2026-02-14T13:14:08.594382,,
411,SABARI STORE CN VILLAGE,,,,,,0.0,,2026-02-14T13:14:08.594382,2026-02-14T13:14:08.594382,,
412,SABARI TEA STALL(JUNCTION),,,,,,0.0,,2026-02-14T13:14:08.594382,2026-02-14T13:14:08.594382,,
413,SAGANA BAKERY,,,,,,0.0,,2026-02-14T13:14:08.594382,2026-02-14T13:14:08.594382,,
414,SAGIMA STORE SANKAR NAGAR PALLIVASAL,,,,,,0.0,,2026-02-14T13:14:08.594382,2026-02-14T13:14:08.594382,,
415,SAI CAFE(THIRUMAL NAGAR),,,,,,0.0,,2026-02-14T13:14:08.594382,2026-02-14T13:14:08.594382,,
416,SAI STATIONARY THACHAI,,,,,,0.0,,2026-02-14T13:14:08.594382,2026-02-14T13:14:08.594382,,
417,SAKTHI COFFEE BAR PONNAKUDI,,,,,,0.0,,2026-02-14T13:14:08.594382,2026-02-14T13:14:08.594382,,
418,SAMI COOL DRINKS RAJAVVALLIPURAM,,,,,,0.0,,2026-02-14T13:14:08.594382,2026-02-14T13:14:08.594382,,
419,SANGEETHA STORE SOOTHAMALLI,,,,,,0.0,,2026-02-14T13:14:08.594382,2026-02-14T13:14:08.594382,,
420,SANJAY IYENGAR BAKERY(NEAR SARAVANAS KULAVANIKAPURAM OPPOSITE),,,,,,0.0,,2026-02-14T13:14:08.594382,2026-02-14T13:14:08.594382,,
421,SANKAR STORE(GOODOWN OPPOSITE),,,,,,0.0,,2026-02-14T13:14:08.594382,2026-02-14T13:14:08.594382,,
422,SANTHANAMARI STORE PETTAI POST OFFICE OPP,,,,,,0.0,,2026-02-14T13:14:08.594382,2026-02-14T13:14:08.594382,,
423,SANTHI STORE (V.M CHATRAM),,,,,,0.0,,2026-02-14T13:14:08.594382,2026-02-14T13:14:08.594382,,
424,SANTHI SWEETS MENNAKSHI FAN HOUSE OPP JUNCTION,,,,,,0.0,,2026-02-14T13:14:08.594382,2026-02-14T13:14:08.594382,,
425,SANTHI TRADERS,,,,,,0.0,,2026-02-14T13:14:08.594382,2026-02-14T13:14:08.594382,,
426,"SANTHI VILAS UNAVAGAM, RATHNA THEATRE NEAR",,,,,,0.0,,2026-02-14T13:14:08.594382,2026-02-14T13:14:08.594382,,
427,SANTHI VINAYAGA SHOPPING VASANTH CELL OPP TOWN,,,,,,0.0,,2026-02-14T13:14:08.594382,2026-02-14T13:14:08.594382,,
428,SARASWATHI STORE THACHAI GOODOWN ARUGIL,,,,,,0.0,,2026-02-14T13:14:08.594382,2026-02-14T13:14:08.594382,,
429,"SARAVANA SHOPPING(MUNNERPALLAM, THARUVAI)",,,,,,0.0,,2026-02-14T13:14:08.594382,2026-02-14T13:14:08.594382,,
430,SARAVANA SWEETS SANKAR NAGAR,,,,,,0.0,,2026-02-14T13:14:08.594382,2026-02-14T13:14:08.594382,,
431,"SAROJA STORE, PEEDI COLONY, MELAPALAYAM",,,,,,0.0,,2026-02-14T13:14:08.594382,2026-02-14T13:14:08.594382,,
432,SATHYAS CAFE REDDIARPATTI,,,,,,0.0,,2026-02-14T13:14:08.594382,2026-02-14T13:14:08.594382,,
433,SATHYAS DUCCAMALPURAM,,,,,,0.0,,2026-02-14T13:14:08.594382,2026-02-14T13:14:08.594382,,
434,SCHAFTER SCHOOL(TOWN),,,,,,0.0,,2026-02-14T13:14:08.594382,2026-02-14T13:14:08.594382,,
435,SCIENCE CENTRE,,,,,,0.0,,2026-02-14T13:14:08.594382,2026-02-14T13:14:08.594382,,
436,SEHTHORAN SNACKE VANNERPETTAI,,,,,,0.0,,2026-02-14T13:14:08.594382,2026-02-14T13:14:08.594382,,
437,SELVA GANAPATHI STORE DEVENDRA SCHOOL ROAD SANKAR NAGAR,,,,,,0.0,,2026-02-14T13:14:08.594382,2026-02-14T13:14:08.594382,,
438,"SELVAM MILK AGENCY (VEDHA PAAL, PERUMALBURAM)",,,,,,0.0,,2026-02-14T13:14:08.594382,2026-02-14T13:14:08.594382,,
439,SELVAM STORE THACHAI,,,,,,0.0,,2026-02-14T13:14:08.594382,2026-02-14T13:14:08.594382,,
440,SELVAM TEA STALL PETTAI PALLIVASAL NEAR,,,,,,0.0,,2026-02-14T13:14:08.594382,2026-02-14T13:14:08.594382,,
441,SELVAM TEA STALL TOWN POGUM THACHAI,,,,,,0.0,,2026-02-14T13:14:08.594382,2026-02-14T13:14:08.594382,,
442,SELVAM THENER SHOP(DCTO OFFICE PALAY),,,,,,0.0,,2026-02-14T13:14:08.594382,2026-02-14T13:14:08.594382,,
443,SELVAMS STOP AND SHOP(G.H OPPOSITE),,,,,,0.0,,2026-02-14T13:14:08.594382,2026-02-14T13:14:08.594382,,
444,SELVI MEDICAL(SANKAR NAGAR),,,,,,0.0,,2026-02-14T13:14:08.594382,2026-02-14T13:14:08.594382,,
445,SELVI SUPER MARKET(MOOLAKARAIPATTI),,,,,,0.0,,2026-02-14T13:14:08.594382,2026-02-14T13:14:08.594382,,
446,SENTHIL,,,,,,0.0,,2026-02-14T13:14:08.594382,2026-02-14T13:14:08.594382,,
447,SENTHIL COFFEE BAR PERUMALPURAM,,,,,,0.0,,2026-02-14T13:14:08.594382,2026-02-14T13:14:08.594382,,
448,SENTHIL KUMARAN BEFORE VEDHA MILK,,,,,,0.0,,2026-02-14T13:14:08.594382,2026-02-14T13:14:08.594382,,
449,SENTHIL STORE SANKAR NAGAR,,,,,,0.0,,2026-02-14T13:14:08.594382,2026-02-14T13:14:08.594382,,
450,"SENTHOOR MURUGAN STORE(MUNNERPALLAM, THARUVAI)",,,,,,0.0,,2026-02-14T13:14:08.594382,2026-02-14T13:14:08.594382,,
451,"SENTHOOR PAVAN TEA STALL, NOVELTY OPP",,,,,,0.0,,2026-02-14T13:14:08.594382,2026-02-14T13:14:08.594382,,
452,SENTHUR MURUGAN PALAKADAI SOOTHAMALLI LEFT ROUNDANA,,,,,,0.0,,2026-02-14T13:14:08.594382,2026-02-14T13:14:08.594382,,
453,SENTUR MURUGAN KRISNAPURAM,,,,,,0.0,,2026-02-14T13:14:08.594382,2026-02-14T13:14:08.594382,,
454,SHAHEEMA STORE,,,,,,0.0,,2026-02-14T13:14:08.594382,2026-02-14T13:14:08.594382,,
455,SHANMUGA COOL BAR,,,,,,0.0,,2026-02-14T13:14:08.594382,2026-02-14T13:14:08.594382,,
456,SHANMUGA STORE(KURICHI MAIN ROAD),,,,,,0.0,,2026-02-14T13:14:08.594382,2026-02-14T13:14:08.594382,,
457,SHINE SUPER MARKET,,,,,,0.0,,2026-02-14T13:14:08.594382,2026-02-14T13:14:08.594382,,
458,SHIVASAKTHI STORE(KULAVANIKAPURAM),,,,,,0.0,,2026-02-14T13:14:08.594382,2026-02-14T13:14:08.594382,,
459,"SILVER WINES(NEAR ROYAL ENFIELD, VANNARPETTAI BYPASS)",,,,,,0.0,,2026-02-14T13:14:08.594382,2026-02-14T13:14:08.594382,,
460,SINTHIYA DEPARTMENTAL STORE SAMATHANAPURAM,,,,,,0.0,,2026-02-14T13:14:08.594382,2026-02-14T13:14:08.594382,,
461,SIVA STORE(RASTHA),,,,,,0.0,,2026-02-14T13:14:08.594382,2026-02-14T13:14:08.594382,,
462,"SIVAN PANDI STORE(VAYAL STREET, BHARATHIYAR OPP)",,,,,,0.0,,2026-02-14T13:14:08.594382,2026-02-14T13:14:08.594382,,
463,SIVANESH STORE,,,,,,0.0,,2026-02-14T13:14:08.594382,2026-02-14T13:14:08.594382,,
464,SIVASAKTHI TRADERS NEAR POST OFFICE SOUTH BAJAR,,,,,,0.0,,2026-02-14T13:14:08.594382,2026-02-14T13:14:08.594382,,
465,SIYONA MIRACLE STORE SANKARANKOVIL MAIN ROAD,,,,,,0.0,,2026-02-14T13:14:08.594382,2026-02-14T13:14:08.594382,,
466,SK HOTEL,,,,,,0.0,,2026-02-14T13:14:08.594382,2026-02-14T13:14:08.594382,,
467,SKN STORES,,,,,,0.0,,2026-02-14T13:14:08.594382,2026-02-14T13:14:08.594382,,
468,"SM STORE, PERIYAR NAGAR(PALAY)",,,,,,0.0,,2026-02-14T13:14:08.594382,2026-02-14T13:14:08.594382,,
469,SOLAI STORE SOUTH BAZZAR,,,,,,0.0,,2026-02-14T13:14:08.594382,2026-02-14T13:14:08.594382,,
470,SREE MATHI STORE (goodown opposite),,,,,,0.0,,2026-02-14T13:14:08.594382,2026-02-14T13:14:08.594382,,
471,SRI AANJINEYA SWEETS AND BAKERY(V.M CHATHRAM),,,,,,0.0,,2026-02-14T13:14:08.594382,2026-02-14T13:14:08.594382,,
472,SRI ANNAPORANI TEA COFFEE(ROYAL HOSPITAL OPPOSITE),,,,,,0.0,,2026-02-14T13:14:08.594382,2026-02-14T13:14:08.594382,,
473,SRI AYIRATHAMMAN JUICE KADAI SOUTH BAJAR,,,,,,0.0,,2026-02-14T13:14:08.594382,2026-02-14T13:14:08.594382,,
474,"SRI BALAJI TEA COFFEE CORNER, POTHIGAI NAGAR",,,,,,0.0,,2026-02-14T13:14:08.594382,2026-02-14T13:14:08.594382,,
475,SRI BHUVANESWARY STORES(MURUGANKURICHI),,,,,,0.0,,2026-02-14T13:14:08.594382,2026-02-14T13:14:08.594382,,
476,SRI CHENNAI POTHI STORE(ATCHAYA HOTEL BACKSIDE),,,,,,0.0,,2026-02-14T13:14:08.594382,2026-02-14T13:14:08.594382,,
477,SRI DHANAM STORE NGOB COLONY,,,,,,0.0,,2026-02-14T13:14:08.594382,2026-02-14T13:14:08.594382,,
478,"SRI JAI KRITHICK STORE(NEAR ARUN HOSPITAL(OPP, TOWN)",,,,,,0.0,,2026-02-14T13:14:08.594382,2026-02-14T13:14:08.594382,,
479,"SRI KRISHNA COFFEE BAR(TIRUCHENDHUR ROAD, PALAY)",,,,,,0.0,,2026-02-14T13:14:08.594382,2026-02-14T13:14:08.594382,,
480,"SRI KRISHNA STORE(MANGAMMAL SALAI, KTC NAGAR)",,,,,,0.0,,2026-02-14T13:14:08.594382,2026-02-14T13:14:08.594382,,
481,SRI KRISHNA STORE(THACHAI),,,,,,0.0,,2026-02-14T13:14:08.594382,2026-02-14T13:14:08.594382,,
482,SRI KUMARAN MELAPALAYAM,,,,,,0.0,,2026-02-14T13:14:08.594382,2026-02-14T13:14:08.594382,,
483,SRI KUMARAN SANKAR NAGAR,,,,,,0.0,,2026-02-14T13:14:08.594382,2026-02-14T13:14:08.594382,,
484,SRI LAKSHMI IYANGAR THACHAI BYPASS BHARATH BULK OPP,,,,,,0.0,,2026-02-14T13:14:08.594382,2026-02-14T13:14:08.594382,,
485,"SRI LAKSHMI PALPORUM(ANGADI RAYAL COLONY, THIYAGARAJA NAGAR)",,,,,,0.0,,2026-02-14T13:14:08.594382,2026-02-14T13:14:08.594382,,
486,SRI LAKSHMI STORE BALABHAKYA NAGAR MUTHURAM THEATRE BACKSIDE,,,,,,0.0,,2026-02-14T13:14:08.594382,2026-02-14T13:14:08.594382,,
487,SRI MAHALAKSHMI GARDEN RESTAURANT MANUR,,,,,,0.0,,2026-02-14T13:14:08.594382,2026-02-14T13:14:08.594382,,
488,SRI MALLIGAI,,,,,,0.0,,2026-02-14T13:14:08.594382,2026-02-14T13:14:08.594382,,
489,SRI MARI TEA STALL(NGO B COLONY),,,,,,0.0,,2026-02-14T13:14:08.594382,2026-02-14T13:14:08.594382,,
490,SRI MASS CATERING VOC GROUND BACKSIDE,,,,,,0.0,,2026-02-14T13:14:08.594382,2026-02-14T13:14:08.594382,,
491,SRI MATHI MALLIGAI STORE,,,,,,0.0,,2026-02-14T13:14:08.594382,2026-02-14T13:14:08.594382,,
492,SRI MEENAKSHI IYENGAR BAKERY(SANKAR NAGAR),,,,,,0.0,,2026-02-14T13:14:08.594382,2026-02-14T13:14:08.594382,,
493,SRI MITHRA SUPER STORE(CN VILLAGE),,,,,,0.0,,2026-02-14T13:14:08.594382,2026-02-14T13:14:08.594382,,
494,SRI MURUGAN MALLIGAI KADAI(GOODOWN OPPOSITE),,,,,,0.0,,2026-02-14T13:14:08.594382,2026-02-14T13:14:08.594382,,
495,"SRI MURUGAN MALLIGAI STORE(REDDIYARPATTI ROAD, THIRUMAL NAGAR)",,,,,,0.0,,2026-02-14T13:14:08.594382,2026-02-14T13:14:08.594382,,
496,SRI MURUGAN PALAKADAI RASTHA,,,,,,0.0,,2026-02-14T13:14:08.594382,2026-02-14T13:14:08.594382,,
497,"SRI MURUGAN SHOPPING AND PALASARUKU, (NGOB COLONY)",,,,,,0.0,,2026-02-14T13:14:08.594382,2026-02-14T13:14:08.594382,,
498,SRI MURUGAN STORE NEAR J.J FAMILY RESTAURANT,,,,,,0.0,,2026-02-14T13:14:08.594382,2026-02-14T13:14:08.594382,,
499,SRI MUTHURAMAN PALAMUTHIRSOLAI(MULTI SPECIAL MEDICAL COLLEGE OPP),,,,,,0.0,,2026-02-14T13:14:08.594382,2026-02-14T13:14:08.594382,,
500,SRI PALAVESA STORES(PETTAI APPOLLO PHARMACY OPP),,,,,,0.0,,2026-02-14T13:14:08.594382,2026-02-14T13:14:08.594382,,
501,SRI RAJA GANAPATHY STORE(RAMAYANPATTI),,,,,,0.0,,2026-02-14T13:14:08.594382,2026-02-14T13:14:08.594382,,
502,"SRI RAM COOL DRINKS, MANGAMMALPURAM",,,,,,0.0,,2026-02-14T13:14:08.594382,2026-02-14T13:14:08.594382,,
503,"SRI S.M STORES(NEAR FIRE STATION, PALAY)",,,,,,0.0,,2026-02-14T13:14:08.594382,2026-02-14T13:14:08.594382,,
504,SRI SENTHOOR BAKES AND SWEETS (NEAR SENTIL STORE),,,,,,0.0,,2026-02-14T13:14:08.594382,2026-02-14T13:14:08.594382,,
505,SRI SHANMUGA MESS NYNAKULAM MARKET ARUGIL,,,,,,0.0,,2026-02-14T13:14:08.594382,2026-02-14T13:14:08.594382,,
506,"SRI TEA STALL(MURUGANKURICHI, PALAY)",,,,,,0.0,,2026-02-14T13:14:08.594382,2026-02-14T13:14:08.594382,,
507,SRI TIRUPATHI STORE VANNARPETAI,,,,,,0.0,,2026-02-14T13:14:08.594382,2026-02-14T13:14:08.594382,,
508,SRI ULAGU MEGA MARKET(V.M CHATRAM),,,,,,0.0,,2026-02-14T13:14:08.594382,2026-02-14T13:14:08.594382,,
509,SRI VALLI STORE JUNCTION(WATER TANK NEAR),,,,,,0.0,,2026-02-14T13:14:08.594382,2026-02-14T13:14:08.594382,,
510,"SRI VELMURUGAN STORE, AGASTHIYAR STREET PALAY",,,,,,0.0,,2026-02-14T13:14:08.594382,2026-02-14T13:14:08.594382,,
511,SRI VENKADESWARA JUICE KADA PALAY BUSSTAND OPP LIC OFF,,,,,,0.0,,2026-02-14T13:14:08.594382,2026-02-14T13:14:08.594382,,
512,SRI VENKATESHWARA STORE AR LINE,,,,,,0.0,,2026-02-14T13:14:08.594382,2026-02-14T13:14:08.594382,,
513,SRI VENKATESHWARA STORE KRISHNAN KOVIL STREET,,,,,,0.0,,2026-02-14T13:14:08.594382,2026-02-14T13:14:08.594382,,
514,SRI VIJAYA GARDEN(NEAR SARAVANAS),,,,,,0.0,,2026-02-14T13:14:08.594382,2026-02-14T13:14:08.594382,,
515,SRIMAN NARAYANAN TEA COFFEE(OPPOSITE LAKSHMI THEATRE TOWN),,,,,,0.0,,2026-02-14T13:14:08.594382,2026-02-14T13:14:08.594382,,
516,SRIMATHI STORE(OPPOSITE GOODOWN),,,,,,0.0,,2026-02-14T13:14:08.594382,2026-02-14T13:14:08.594382,,
517,"SRS KARUPATTI COFFEE(SARAVANAS ARUGIL, THAMILAN KARUPATTI COFFEE",,,,,,0.0,,2026-02-14T13:14:08.594382,2026-02-14T13:14:08.594382,,
518,SSK FRUITS AND VEG,,,,,,0.0,,2026-02-14T13:14:08.594382,2026-02-14T13:14:08.594382,,
519,SSR STORE TOWN MARKET (HANIFA OPP),,,,,,0.0,,2026-02-14T13:14:08.594382,2026-02-14T13:14:08.594382,,
520,ST. JOSEPH RESTAURANT SOUTH BAJAR,,,,,,0.0,,2026-02-14T13:14:08.594382,2026-02-14T13:14:08.594382,,
521,STAR SHOPPING (KURICHI),,,,,,0.0,,2026-02-14T13:14:08.594382,2026-02-14T13:14:08.594382,,
522,SUDAR DEPARTMENTAL STORE MAHARAJA NAGAR,,,,,,0.0,,2026-02-14T13:14:08.594382,2026-02-14T13:14:08.594382,,
523,SUDAR JUICE CORNER NEAR PALAY MARKET,,,,,,0.0,,2026-02-14T13:14:08.594382,2026-02-14T13:14:08.594382,,
524,SUDAR PALAMUTHIRSOLAI,,,,,,0.0,,2026-02-14T13:14:08.594382,2026-02-14T13:14:08.594382,,
525,SUDHA STORE(LAKSHMI STORE OPPOSITE),,,,,,0.0,,2026-02-14T13:14:08.594382,2026-02-14T13:14:08.594382,,
526,SUMATHI HOTEL SEND CN VILLAGE,,,,,,0.0,,2026-02-14T13:14:08.594382,2026-02-14T13:14:08.594382,,
527,SUMATHI STORE(KULAVANIKAPURAM),,,,,,0.0,,2026-02-14T13:14:08.594382,2026-02-14T13:14:08.594382,,
528,SUNDAR SHOPPING PALAY MARKET TIRUNCHENDUR ROAD INPAM TEA STALL OPP,,,,,,0.0,,2026-02-14T13:14:08.594382,2026-02-14T13:14:08.594382,,
529,SUNTHSUSAI STORE RAJENDAR NAGAR FIRST STREET,,,,,,0.0,,2026-02-14T13:14:08.594382,2026-02-14T13:14:08.594382,,
530,SUPPU STORE,,,,,,0.0,,2026-02-14T13:14:08.594382,2026-02-14T13:14:08.594382,,
531,"SURESH PALAMUTHIRSOLAI, STC COLLEGE ROAD, NEW BUS STAND",,,,,,0.0,,2026-02-14T13:14:08.594382,2026-02-14T13:14:08.594382,,
532,SUSAI STORE PALASARUKU SAINT ROADE,,,,,,0.0,,2026-02-14T13:14:08.594382,2026-02-14T13:14:08.594382,,
533,SV BAKERY VANNARPETTAI(MADHURAM OPP),,,,,,0.0,,2026-02-14T13:14:08.594382,2026-02-14T13:14:08.594382,,
534,Sai SARANYA STORE SINDHUBUNTHARAI,,,,,,0.0,,2026-02-14T13:14:08.594382,2026-02-14T13:14:08.594382,,
535,"Selvam agency(perumalpuram, anbunagar",,,,,,0.0,,2026-02-14T13:14:08.594382,2026-02-14T13:14:08.594382,,
536,TAMILNADU TOURISM DEVELOPMENT CORPORATION LIMITED,,,,,,0.0,,2026-02-14T13:14:08.594382,2026-02-14T13:14:08.594382,,
537,TASMAC MUNNERPALAM,,,,,,0.0,,2026-02-14T13:14:08.594382,2026-02-14T13:14:08.594382,,
538,TEA TIME,,,,,,0.0,,2026-02-14T13:14:08.594382,2026-02-14T13:14:08.594382,,
539,TEA TIME MDT COLLeGE NEAR,,,,,,0.0,,2026-02-14T13:14:08.594382,2026-02-14T13:14:08.594382,,
540,TEA TIME MELAPALAYAM,,,,,,0.0,,2026-02-14T13:14:08.594382,2026-02-14T13:14:08.594382,,
541,TEA TIME PETTAI,,,,,,0.0,,2026-02-14T13:14:08.594382,2026-02-14T13:14:08.594382,,
542,TEA TIME SRIPURAM(INDUSIND BANK ATP NEAR),,,,,,0.0,,2026-02-14T13:14:08.594382,2026-02-14T13:14:08.594382,,
543,THAMILAN KARUPATTI COFFEE,,,,,,0.0,,2026-02-14T13:14:08.594382,2026-02-14T13:14:08.594382,,
544,THANAM STORE,,,,,,0.0,,2026-02-14T13:14:08.594382,2026-02-14T13:14:08.594382,,
545,THANGAM COOL BAR(SINGABUNTHARAI),,,,,,0.0,,2026-02-14T13:14:08.594382,2026-02-14T13:14:08.594382,,
546,THANGAM PALAMUTHIR AND DEPARTMENT STORE,,,,,,0.0,,2026-02-14T13:14:08.594382,2026-02-14T13:14:08.594382,,
547,THANGARAJ KAI KANI KADAI(PERUMALPURAM,,,,,,0.0,,2026-02-14T13:14:08.594382,2026-02-14T13:14:08.594382,,
548,THARANI STORE JUNCTION (KIDNEY HOSPITAL OPP),,,,,,0.0,,2026-02-14T13:14:08.594382,2026-02-14T13:14:08.594382,,
549,THENDRAL TEA STALL(SARAVANAS STORE OPPOSITE),,,,,,0.0,,2026-02-14T13:14:08.594382,2026-02-14T13:14:08.594382,,
550,THIRUKURAL IYARKAI ANGALI SIVALAPERI ROAD,,,,,,0.0,,2026-02-14T13:14:08.594382,2026-02-14T13:14:08.594382,,
551,THIRUMANI STORE(GOODOWN OPP),,,,,,0.0,,2026-02-14T13:14:08.594382,2026-02-14T13:14:08.594382,,
552,THIRUPATHI FRUITS SANTHINAGAR SEVALAPERI ROAD OPP IOB BANK,,,,,,0.0,,2026-02-14T13:14:08.594382,2026-02-14T13:14:08.594382,,
553,THIRUPATHI STORE MADURAI MAIN ROAD,,,,,,0.0,,2026-02-14T13:14:08.594382,2026-02-14T13:14:08.594382,,
554,THIRUPATHI STORE SOUTH BAJAR,,,,,,0.0,,2026-02-14T13:14:08.594382,2026-02-14T13:14:08.594382,,
555,"THOVULATH BAKERY SEVALAPERI ROAD, SANTHI NAGAR BUS STOP",,,,,,0.0,,2026-02-14T13:14:08.594382,2026-02-14T13:14:08.594382,,
556,TOP STORE (NEAR KAJA PEEDI TOWN),,,,,,0.0,,2026-02-14T13:14:08.594382,2026-02-14T13:14:08.594382,,
557,U.S FRUITS (VANNARPETTAI),,,,,,0.0,,2026-02-14T13:14:08.594382,2026-02-14T13:14:08.594382,,
558,USAIN STORE SANKAR NAGAR,,,,,,0.0,,2026-02-14T13:14:08.594382,2026-02-14T13:14:08.594382,,
559,V.V STORE MAHARAJANAGAR,,,,,,0.0,,2026-02-14T13:14:08.594382,2026-02-14T13:14:08.594382,,
560,VALLALAR NATURAL ANGADI T-NAGAR,,,,,,0.0,,2026-02-14T13:14:08.594382,2026-02-14T13:14:08.594382,,
561,VALLANADU,,,,,,0.0,,2026-02-14T13:14:08.594382,2026-02-14T13:14:08.594382,,
562,VALLI MURUGAN STORE JUNCTION,,,,,,0.0,,2026-02-14T13:14:08.594382,2026-02-14T13:14:08.594382,,
563,VAMSHIKA SUPER MARKET(REDDIARPATTI MAINROAD),,,,,,0.0,,2026-02-14T13:14:08.594382,2026-02-14T13:14:08.594382,,
564,VASANTHAM STORE T-NAGAR,,,,,,0.0,,2026-02-14T13:14:08.594382,2026-02-14T13:14:08.594382,,
565,VEDHA PAAL,,,,,,0.0,,2026-02-14T13:14:08.594382,2026-02-14T13:14:08.594382,,
566,VEERA SAKTHI COOL CORNER(GOODOWN NEAR),,,,,,0.0,,2026-02-14T13:14:08.594382,2026-02-14T13:14:08.594382,,
567,VELAVA COFFEE CORNER(REDDIYARPATTI),,,,,,0.0,,2026-02-14T13:14:08.594382,2026-02-14T13:14:08.594382,,
568,VELAVA TEA COFFEE(DUCKEMMALPURAM),,,,,,0.0,,2026-02-14T13:14:08.594382,2026-02-14T13:14:08.594382,,
569,VELMURUGAN PALAGAM TOWN (AROKYA MILK),,,,,,0.0,,2026-02-14T13:14:08.594382,2026-02-14T13:14:08.594382,,
570,VELS CAFE AFNA PARK OUTSIDE,,,,,,0.0,,2026-02-14T13:14:08.594382,2026-02-14T13:14:08.594382,,
571,VENKATESHWARA STORE AR LINE(SRI SM STORE NEAR),,,,,,0.0,,2026-02-14T13:14:08.594382,2026-02-14T13:14:08.594382,,
572,VIGNESH,,,,,,0.0,,2026-02-14T13:14:08.594382,2026-02-14T13:14:08.594382,,
573,VIGNESH TEA STALL MANUR,,,,,,0.0,,2026-02-14T13:14:08.594382,2026-02-14T13:14:08.594382,,
574,VIJI COOL DRINKS HIGHGROUND,,,,,,0.0,,2026-02-14T13:14:08.594382,2026-02-14T13:14:08.594382,,
575,VINAYAGA STORE KARUPANTHURAI,,,,,,0.0,,2026-02-14T13:14:08.594382,2026-02-14T13:14:08.594382,,
576,VINAYAGA STORE PALAY,,,,,,0.0,,2026-02-14T13:14:08.594382,2026-02-14T13:14:08.594382,,
577,"VISHNU RAJARAM STORE, SUTHAMALLI",,,,,,0.0,,2026-02-14T13:14:08.594382,2026-02-14T13:14:08.594382,,
578,VISHWA MURUGAN FRUIT SHOP TOWN,,,,,,0.0,,2026-02-14T13:14:08.594382,2026-02-14T13:14:08.594382,,
579,VT MALLIGAI,,,,,,0.0,,2026-02-14T13:14:08.594382,2026-02-14T13:14:08.594382,,
580,VV COOL DRINKS KURUMBU,,,,,,0.0,,2026-02-14T13:14:08.594382,2026-02-14T13:14:08.594382,,
581,VV STORE,,,,,,0.0,,2026-02-14T13:14:08.594382,2026-02-14T13:14:08.594382,,
582,WELCOME SNACKS JUNCTION,,,,,,0.0,,2026-02-14T13:14:08.594382,2026-02-14T13:14:08.594382,,
583,WELCOME STORE THIRUMAL NAGAR,,,,,,0.0,,2026-02-14T13:14:08.594382,2026-02-14T13:14:08.594382,,
584,Y.G.S MATUTHEVANAM,,,,,,0.0,,2026-02-14T13:14:08.594382,2026-02-14T13:14:08.594382,,
585,"YOGAVIR MALLIGAI KADAI, T-NAGAR",,,,,,0.0,,2026-02-14T13:14:08.594382,2026-02-14T13:14:08.594382,,
586,"YOYO CORNER(VANNARPETTAI, ARASAN MESS OPP)",,,,,,0.0,,2026-02-14T13:14:08.594382,2026-02-14T13:14:08.594382,,
587,ZION BAKERS KRISHNAPURAM,,,,,,0.0,,2026-02-14T13:14:08.594382,2026-02-14T13:14:08.594382,,
588,banu(katchimandapam),,,,,,0.0,,2026-02-14T13:14:08.594382,2026-02-14T13:14:08.594382,,
589,manaasa stores,,,,,,0.0,,2026-02-14T13:14:08.594382,2026-02-14T13:14:08.594382,,
590,"salisha fruits and juice(pettai, MM barotta stall opp)",,,,,,0.0,,2026-02-14T13:14:08.594382,2026-02-14T13:14:08.594382,,
591,srs,,,,,,0.0,,2026-02-14T13:14:08.594382,2026-02-14T13:14:08.594382,,
592,A CLASS TEA STALL PALAY,,,,,,,,2026-02-18T17:47:48.000000,2026-02-18T17:47:48.000000,,
593,AAVIN PALAYAPETTAI,,,,,,,,2026-02-18T17:47:48.000000,2026-02-18T17:47:48.000000,,
594,AL RAHMATH PALAMUTHIRSOLAI,,,,,,,,2026-02-18T17:47:48.000000,2026-02-18T17:47:48.000000,,
595,ANJANA XEROX AND COOL DRINKS,,,,,,,,2026-02-18T17:47:48.000000,2026-02-18T17:47:48.000000,,
596,"ANNAI SUPER MARKET, PETTAI",,,,,,,,2026-02-18T17:47:48.000000,2026-02-18T17:47:48.000000,,
597,"ARASIN CANTEEN, MULTI SPECIALITY CANTEEN",,,,,,,,2026-02-18T17:47:48.000000,2026-02-18T17:47:48.000000,,
598,ARSH SUPER MARKET,,,,,,,,2026-02-18T17:47:48.000000,2026-02-18T17:47:48.000000,,
599,DANIEL STORE,,,,,,,,2026-02-18T17:47:48.000000,2026-02-18T17:47:48.000000,,
600,"ENIYA FRUITS AAVIN BOOTH, VOC GROUND LIC ROAD NEAE IOB BANK",,,,,,,,2026-02-18T17:47:48.000000,2026-02-18T17:47:48.000000,,
601,FX COLLEGE VANNARPETTAI,,,,,,,,2026-02-18T17:47:48.000000,2026-02-18T17:47:48.000000,,
602,"GOMATHI T STALL , SRIPURAM",,,,,,,,2026-02-18T17:47:48.000000,2026-02-18T17:47:48.000000,,
603,I TEA STALL THARUVAI,,,,,,,,2026-02-18T17:47:48.000000,2026-02-18T17:47:48.000000,,
604,JESUKARAN TEA STALL REDDIARPATTI,,,,,,,,2026-02-18T17:47:48.000000,2026-02-18T17:47:48.000000,,
605,KAMIN STORE PALAY MARKET WHOLESALE NEAR ROHINI TEA STALL,,,,,,,,2026-02-18T17:47:48.000000,2026-02-18T17:47:48.000000,,
606,KUMARAN STORE THENGALAM RD BUS STOP OPP,,,,,,,,2026-02-18T17:47:48.000000,2026-02-18T17:47:48.000000,,
607,LG STORE PALAY NEZR IOB BANK OPP,,,,,,,,2026-02-18T17:47:48.000000,2026-02-18T17:47:48.000000,,
608,MAHARAJA TEA STALL JUNCTION SINDHUPUNDARAI,,,,,,,,2026-02-18T17:47:48.000000,2026-02-18T17:47:48.000000,,
609,"MAIDEEN STORE AJMAL BAKERY BACK, PETTAI",,,,,,,,2026-02-18T17:47:48.000000,2026-02-18T17:47:48.000000,,
610,MATHA TEA STALL(AS),,,,,,,,2026-02-18T17:47:48.000000,2026-02-18T17:47:48.000000,,
611,MATHI SUJATHA STORE PETTAI,,,,,,,,2026-02-18T17:47:48.000000,2026-02-18T17:47:48.000000,,
612,MINNAR JUICE,,,,,,,,2026-02-18T17:47:48.000000,2026-02-18T17:47:48.000000,,
613,"MUTHU STORE KALLANAI SCHOOL OPP, TOWN",,,,,,,,2026-02-18T17:47:48.000000,2026-02-18T17:47:48.000000,,
614,NAJI TEA STALL INDIAN BANK OPP,,,,,,,,2026-02-18T17:47:48.000000,2026-02-18T17:47:48.000000,,
615,NANBA TEA STALL MADURAI MAIN RD NEAR S.S.S MAHAL,,,,,,,,2026-02-18T17:47:48.000000,2026-02-18T17:47:48.000000,,
616,NEW JUICE,,,,,,,,2026-02-18T17:47:48.000000,2026-02-18T17:47:48.000000,,
617,NEW MUTHU STORE YADAVAR UCHI MAGALI AMMAN KOVIL STREET,,,,,,,,2026-02-18T17:47:48.000000,2026-02-18T17:47:48.000000,,
618,NEW SANTHAVVILAS RESTAURANT,,,,,,,,2026-02-18T17:47:48.000000,2026-02-18T17:47:48.000000,,
619,NGO RESTAURANT,,,,,,,,2026-02-18T17:47:48.000000,2026-02-18T17:47:48.000000,,
620,PALMYRA GRAND INN JUNCTION,,,,,,,,2026-02-18T17:47:48.000000,2026-02-18T17:47:48.000000,,
621,PSN CANTEEN 3,,,,,,,,2026-02-18T17:47:48.000000,2026-02-18T17:47:48.000000,,
622,RAJA STORE SINDHUBUNDARAI,,,,,,,,2026-02-18T17:47:48.000000,2026-02-18T17:47:48.000000,,
623,RAJA TIFFEN CENTRE SRIPURAM MADURAM OPP,,,,,,,,2026-02-18T17:47:48.000000,2026-02-18T17:47:48.000000,,
624,"RAJAMATHANGI TEA STALL OPP TO SBI BANK, SRIPURAM",,,,,,,,2026-02-18T17:47:48.000000,2026-02-18T17:47:48.000000,,
625,RASANTHAS BAKERY THACHAI,,,,,,,,2026-02-18T17:47:48.000000,2026-02-18T17:47:48.000000,,
626,SAI STORE THACHAI,,,,,,,,2026-02-18T17:47:48.000000,2026-02-18T17:47:48.000000,,
627,SAMUVEL STORE,,,,,,,,2026-02-18T17:47:48.000000,2026-02-18T17:47:48.000000,,
628,SELVAM STORE THENGALAM RD,,,,,,,,2026-02-18T17:47:48.000000,2026-02-18T17:47:48.000000,,
629,SHIVAN KOVIL OPP MANDAPAM,,,,,,,,2026-02-18T17:47:48.000000,2026-02-18T17:47:48.000000,,
630,SHIVAN PANDIAN STORE VAYAL STREET,,,,,,,,2026-02-18T17:47:48.000000,2026-02-18T17:47:48.000000,,
631,"SILVER STAR TEA STALL KULAVANIKAPURAM RD, PALAY BUSSTAND",,,,,,,,2026-02-18T17:47:48.000000,2026-02-18T17:47:48.000000,,
632,SKP STORE REDDIARPATTI,,,,,,,,2026-02-18T17:47:48.000000,2026-02-18T17:47:48.000000,,
633,SP COOL BAR,,,,,,,,2026-02-18T17:47:48.000000,2026-02-18T17:47:48.000000,,
634,SRI LAKSHMI COFFEE BITS SELVARANI OPP RD PALAY,,,,,,,,2026-02-18T17:47:48.000000,2026-02-18T17:47:48.000000,,
635,SRI MASS HOTSPOT,,,,,,,,2026-02-18T17:47:48.000000,2026-02-18T17:47:48.000000,,
636,SUN SUPER MARKET SANTHINAGAR 2 MAIN STREET NEAR POLICE CHECK POST,,,,,,,,2026-02-18T17:47:48.000000,2026-02-18T17:47:48.000000,,
637,"SUN TEA STALL SEVALAPERI RD, PALAY MARKET NEAR JOSPEH & SUNS",,,,,,,,2026-02-18T17:47:48.000000,2026-02-18T17:47:48.000000,,
638,UDHAYAM BAR JUNCTION,,,,,,,,2026-02-18T17:47:48.000000,2026-02-18T17:47:48.000000,,
639,VASANTHAM SOOTHAMALLI,,,,,,,,2026-02-18T17:47:48.000000,2026-02-18T17:47:48.000000,,
640,VASANTHAM STORE PALAY MARKET OPP ROHINI TEA STALL,,,,,,,,2026-02-18T17:47:48.000000,2026-02-18T17:47:48.000000,,
641,VENKATESWARA BALABAGYA NAGAR,,,,,,,,2026-02-18T17:47:48.000000,2026-02-18T17:47:48.000000,,
642,VMS STORE THIMARAJAPURAM,,,,,,,,2026-02-18T17:47:48.000000,2026-02-18T17:47:48.000000,,
643,YOYO CORNER MSP TRAVELS OPP,,,,,,,,2026-02-18T17:47:48.000000,2026-02-18T17:47:48.000000,,
644,MAHA VISHNU TOWN,,,,,,0.0,,2026-02-19T22:46:03.461119,2026-02-19T22:46:03.461122,,
645,SIVA STORE PALAY MARKET,,,,,,0.0,,2026-02-19T22:46:03.461140,2026-02-19T22:46:03.461141,,
646,STC COLLEGE.,,,,,,0.0,,2026-02-19T22:46:03.461147,2026-02-19T22:46:03.461148,,
647,MUTHARAMMAN TIFFIN CENTRE,,,,,,0.0,,2026-02-19T22:46:03.461154,2026-02-19T22:46:03.461155,,
648,"JAYA GANESH FRUITS, MANUR",,,,,,0.0,,2026-02-19T22:46:03.461180,2026-02-19T22:46:03.461181,,
649,KADHAR MEERAN STORE KOODESWAR NAGAR,,,,,,0.0,,2026-02-19T22:46:03.461578,2026-02-19T22:46:03.461581,,
650,SIVA SANTHI MALLIGAI STORE,,,,,,0.0,,2026-02-19T22:46:03.461586,2026-02-19T22:46:03.461587,,
651,MUTHARAMMAN STORE KOODESWAR NAGAR,,,,,,0.0,,2026-02-19T22:46:03.461593,2026-02-19T22:46:03.461594,,
652,AL-ARIF SOOTHAMALLI,,,,,,0.0,,2026-02-19T22:46:03.461612,2026-02-19T22:46:03.461613,,
653,"A.M STORE, THACHAI",,,,,,0.0,,2026-02-19T22:46:03.461625,2026-02-19T22:46:03.461626,,
654,MM STORE NGO COLONY,,,,,,0.0,,2026-02-20T14:40:48.058051,2026-02-20T14:40:48.058056,,
655,ANTHONY STORE SAMATHANAPURAM(NEXT TO LAWRENCE FRUITS),,,,,,0.0,,2026-02-20T14:40:48.058195,2026-02-20T14:40:48.058197,,
656,"KIRUBAI STORE, IRANIAN HOTEL BACKSIDE",,,,,,0.0,,2026-02-20T14:40:48.058356,2026-02-20T14:40:48.058358,,
657,SELVI SNACKS,,,,,,0.0,,2026-02-20T14:40:48.058443,2026-02-20T14:40:48.058445,,
658,ANTONY STORE VM CHATRAM,,,,,,0.0,,2026-02-20T14:40:48.058468,2026-02-20T14:40:48.058469,,
659,NELLAI JJ TEA STALL OPP HP BULK,,,,,,0.0,,2026-02-20T14:40:48.058515,2026-02-20T14:40:48.058516,,
660,MAHARAJA STORE KRISHNAPURAM ARCH,,,,,,0.0,,2026-02-20T14:40:48.058563,2026-02-20T14:40:48.058565,,
661,RAJA GANAPATHI STORE,,,,,,0.0,,2026-02-20T14:40:48.058591,2026-02-20T14:40:48.058592,,
662,GMART PERUMALPURAM,,,,,,0.0,,2026-02-22T14:24:44.000000,2026-02-22T14:24:44.000000,,
663,SM BAKERY OPP TO PUSHPALATHA SCHOOL,,,,,,0.0,,2026-02-22T14:24:44.000000,2026-02-22T14:24:44.000000,,
664,"JD STORE, T-NAGAR",,,,,,0.0,,2026-02-22T14:24:44.000000,2026-02-22T14:24:44.000000,,
665,MAHARAJA STORE T-NAGAR,,,,,,0.0,,2026-02-22T14:24:44.000000,2026-02-22T14:24:44.000000,,
666,SRI GANESH STORE,,,,,,0.0,,2026-02-22T14:24:44.000000,2026-02-22T14:24:44.000000,,
667,MAHARAJA T-STALL PERIYA THERU,,,,,,0.0,,2026-02-22T14:24:44.000000,2026-02-22T14:24:44.000000,,
668,SAHUL MALLIGAI STORE,,,,,,,,2026-02-23T15:40:09.000000,2026-02-23T15:40:09.000000,,
669,SHINE CAFE,,,,,,,,2026-02-23T15:40:09.000000,2026-02-23T15:40:09.000000,,
670,DAYA NAVIN STORE,,,,,,,,2026-02-23T15:40:09.000000,2026-02-23T15:40:09.000000,,
671,SAI CANTEEN,,,,,,,,2026-02-23T15:40:09.000000,2026-02-23T15:40:09.000000,,
672,PRIYA SHOPPING STORE,,,,,,,,2026-02-23T15:40:09.000000,2026-02-23T15:40:09.000000,,
673,SRI GANESH FRUITS SHOP,,,,,,,,2026-02-23T15:40:09.000000,2026-02-23T15:40:09.000000,,
674,SRI BALAJI STORE,,,,,,,,2026-02-23T15:40:09.000000,2026-02-23T15:40:09.000000,,
675,SEYAD ALI FRUIT PALAYAPETTAI,,,,,,,,2026-02-23T15:40:09.000000,2026-02-23T15:40:09.000000,,
676,MARIMUTHU STORE,,,,,,,,2026-02-23T15:40:09.000000,2026-02-23T15:40:09.000000,,
677,GANESH HOTEL,,,,,,,,2026-02-23T15:40:09.000000,2026-02-23T15:40:09.000000,,
678,RAJA STORE(PALAYAPETTAI),,,,,,,,2026-02-23T15:40:09.000000,2026-02-23T15:40:09.000000,,
679,REKOBATH STORE,REKOBATH STORE,,,,,0.0,,2026-02-24T15:49:56.000000,2026-02-24T15:49:56.000000,,
680,"VENKATESWARA STORE, NGO COLONY","VENKATESWARA STORE, NGO COLONY",,,,,0.0,,2026-02-25T12:00:51.000000,2026-02-25T12:00:51.000000,,
681,MKS STORE POTHIGAI NAGAR,MKS STORE POTHIGAI NAGAR,,,,,0.0,,2026-02-25T12:00:51.000000,2026-02-25T12:00:51.000000,,
682,IVANJILINE STORE,IVANJILINE STORE,,,,,0.0,,2026-02-25T12:00:51.000000,2026-02-25T12:00:51.000000,,
683,RAJA SWEETS(AS),RAJA SWEETS(AS),,,,,0.0,,2026-02-25T12:00:51.000000,2026-02-25T12:00:51.000000,,
684,SAKTHI COFFEE DUKKAMALPURAM,SAKTHI COFFEE DUKKAMALPURAM,,,,,0.0,,2026-02-25T12:00:51.000000,2026-02-25T12:00:51.000000,,
685,JAYAM STORE DUCCKAMALPURAM,JAYAM STORE DUCCKAMALPURAM,,,,,0.0,,2026-02-25T12:00:51.000000,2026-02-25T12:00:51.000000,,
686,MAGILMATHI(AS),MAGILMATHI(AS),,,,,0.0,,2026-02-25T12:00:51.000000,2026-02-25T12:00:51.000000,,
687,MITHRA STORE,MITHRA STORE,,,,,0.0,,2026-02-25T12:00:51.000000,2026-02-25T12:00:51.000000,,
688,NYANAM STORE VELAVA TEA STALL OPP,NYANAM STORE VELAVA TEA STALL OPP,,,,,0.0,,2026-03-01T06:40:23.000000,2026-03-01T06:40:23.000000,,
689,"RAHMAD STORE JOHNS COLLEGE RD, SAMATHANAPURAM","RAHMAD STORE JOHNS COLLEGE RD, SAMATHANAPURAM",,,,,0.0,,2026-03-01T06:40:23.000000,2026-03-01T06:40:23.000000,,
690,DHARANI TEA STALL PALAY MARKET,DHARANI TEA STALL PALAY MARKET,,,,,0.0,,2026-03-01T06:40:23.000000,2026-03-01T06:40:23.000000,,
691,"AIRATHAMMAN JUICE KADAI, NEAR AIRATHAMMAN KOVIL STREET SOUTH BAJAR","AIRATHAMMAN JUICE KADAI, NEAR AIRATHAMMAN KOVIL STREET SOUTH BAJAR",,,,,0.0,,2026-03-01T06:40:23.000000,2026-03-01T06:40:23.000000,,
692,SHANTHI TRADERS PALAY MARKET,SHANTHI TRADERS PALAY MARKET,,,,,0.0,,2026-03-01T06:40:23.000000,2026-03-01T06:40:23.000000,,
693,"VELMURUGAN STORE TOWN, SIVA STREET","VELMURUGAN STORE TOWN, SIVA STREET",,,,,0.0,,2026-03-01T06:40:23.000000,2026-03-01T06:40:23.000000,,
694,STH BAJAR,STH BAJAR,,,,,0.0,,2026-03-01T06:40:23.000000,2026-03-01T06:40:23.000000,,
695,VELLATHAI T-STALL OPP PETROL BUNK,VELLATHAI T-STALL OPP PETROL BUNK,,,,,0.0,,2026-03-01T06:40:23.000000,2026-03-01T06:40:23.000000,,
696,APPLE TEA STALL MANDAPAM OPP,APPLE TEA STALL MANDAPAM OPP,,,,,0.0,,2026-03-01T06:40:23.000000,2026-03-01T06:40:23.000000,,
697,SANKAR STORE(RAJAVALLIPURAM RD),SANKAR STORE(RAJAVALLIPURAM RD),,,,,0.0,,2026-03-01T06:40:23.000000,2026-03-01T06:40:23.000000,,
698,SELVA MURUGAN RAJAVALLIPURAM ROAD,SELVA MURUGAN RAJAVALLIPURAM ROAD,,,,,0.0,,2026-03-01T06:40:23.000000,2026-03-01T06:40:23.000000,,
699,"ASIN STORE (SRI BALAJI STORE), TOWN RD WATER TANK OPP","ASIN STORE (SRI BALAJI STORE), TOWN RD WATER TANK OPP",,,,,0.0,,2026-03-01T06:40:23.000000,2026-03-01T06:40:23.000000,,
700,ANNAI VELANKANI STORE KRISHNAPURAM,ANNAI VELANKANI STORE KRISHNAPURAM,,,,,0.0,,2026-03-01T06:40:23.000000,2026-03-01T06:40:23.000000,,
701,SENTHUR TEA STALL NEAR ABI SUPER MARKET,SENTHUR TEA STALL NEAR ABI SUPER MARKET,,,,,0.0,,2026-03-01T06:40:23.000000,2026-03-01T06:40:23.000000,,
702,JAYAM STORE KURICHI,JAYAM STORE KURICHI,,,,,0.0,,2026-03-01T06:40:23.000000,2026-03-01T06:40:23.000000,,
703,RIZWANA STORE(MELAPALAYAM),RIZWANA STORE(MELAPALAYAM),,,,,0.0,,2026-03-01T06:40:23.000000,2026-03-01T06:40:23.000000,,
704,ASIK STORE MELAPALAYAM,ASIK STORE MELAPALAYAM,,,,,0.0,,2026-03-01T06:40:23.000000,2026-03-01T06:40:23.000000,,
705,NELLAI JUICE CORNER,NELLAI JUICE CORNER,,,,,0.0,,2026-03-01T06:40:23.000000,2026-03-01T06:40:23.000000,,
706,ESAKKI TSTALL NEAR SHANMUGA MESS TOWN RD,ESAKKI TSTALL NEAR SHANMUGA MESS TOWN RD,,,,,0.0,,2026-03-01T06:40:23.000000,2026-03-01T06:40:23.000000,,
707,SANKAR SWEETS town,SANKAR SWEETS town,,,,,0.0,,2026-03-01T06:40:23.000000,2026-03-01T06:40:23.000000,,
708,"NAMBI T-STALL, PKS VEGETABLE OPP TOWN","NAMBI T-STALL, PKS VEGETABLE OPP TOWN",,,,,0.0,,2026-03-01T06:40:23.000000,2026-03-01T06:40:23.000000,,
709,SATHICK STORE NARASINGA PERUMAL KOVIL OPP,SATHICK STORE NARASINGA PERUMAL KOVIL OPP,,,,,0.0,,2026-03-01T06:40:23.000000,2026-03-01T06:40:23.000000,,
710,G-MART PERUMALBURAM,G-MART PERUMALBURAM,,,,,0.0,,2026-03-01T06:40:23.000000,2026-03-01T06:40:23.000000,,
711,HOTEL RANI PANANKULAM,HOTEL RANI PANANKULAM,,,,,0.0,,2026-03-01T06:40:23.000000,2026-03-01T06:40:23.000000,,
712,SHIFA MEDICAL TOWN,SHIFA MEDICAL TOWN,,,,,0.0,,2026-03-01T06:40:23.000000,2026-03-01T06:40:23.000000,,
713,MUTHU LAKSHMI STORE SEVALLAPERI MAIN RD THIMMARAJAPURAM,,,,,,0.0,,2026-03-07T12:26:45.000000,2026-03-07T12:26:45.000000,,
714,THE ESSENTIALS PHARMACY SANTHINAGAR RD,,,,,,0.0,,2026-03-07T12:26:45.000000,2026-03-07T12:26:45.000000,,
715,MM STORE POTHIGAI NAGAR,,,,,,0.0,,2026-03-07T12:26:45.000000,2026-03-07T12:26:45.000000,,
716,JEMS STORE BAJAJ AUTO OPP,,,,,,0.0,,2026-03-07T12:26:45.000000,2026-03-07T12:26:45.000000,,
717,SRI GANAPATHY STORE G.V MAHAL OPP,,,,,,0.0,,2026-03-07T12:26:45.000000,2026-03-07T12:26:45.000000,,
718,NEW MAHALAKSHMI IYENGAR HOTEL SUDAR OPP RASTHA,,,,,,0.0,,2026-03-07T12:26:45.000000,2026-03-07T12:26:45.000000,,
719,SRI NACHIYAAR BHAVAN ALAKIYAPANTIPURAM NEAR BUS STAND,,,,,,0.0,,2026-03-07T12:26:45.000000,2026-03-07T12:26:45.000000,,
720,AAVIN PALAGAM ALAKIYAPANTIPURAM CHECK PPST RIGHT SIDE,,,,,,0.0,,2026-03-07T12:26:45.000000,2026-03-07T12:26:45.000000,,
721,XAVIERS COLLEGE CANTEEN,,,,,,0.0,,2026-03-07T12:26:45.000000,2026-03-07T12:26:45.000000,,
722,MERIDIAN INN,,,,,,0.0,,2026-03-07T12:26:45.000000,2026-03-07T12:26:45.000000,,
723,"R.SELVAM NADAR, 5/133 MELA THERU MARUNTHANVALVU NARIKINARU MARUTHANVALVU",,,,,,0.0,,2026-03-07T12:26:45.000000,2026-03-07T12:26:45.000000,,
724,KURINJI HOTELS AND LODGE,,,,,,0.0,,2026-03-07T12:26:45.000000,2026-03-07T12:26:45.000000,,
725,LAKSHMI PRIYA STORE,,,,,,0.0,,2026-03-07T12:26:45.000000,2026-03-07T12:26:45.000000,,
726,ANNAI SNACKS MUNIYANDI VILAS NEAR,,,,,,0.0,,2026-03-07T12:26:45.000000,2026-03-07T12:26:45.000000,,
727,ST.JOSEPH BAKERY SOUTH BAJAR NEAR JOSEPH REST,,,,,,0.0,,2026-03-07T12:26:45.000000,2026-03-07T12:26:45.000000,,
728,AYYA MARKETTING RAMAYANPATTI,,,,,,0.0,,2026-03-07T12:26:45.000000,2026-03-07T12:26:45.000000,,
729,"E.P.R SELVA SINGH, SAMYTHOPU",,,,,,0.0,,2026-03-07T12:26:45.000000,2026-03-07T12:26:45.000000,,
730,SRI BADHAM HOTEL KTC NAGAR,,,,,,0.0,,2026-03-07T12:26:45.000000,2026-03-07T12:26:45.000000,,
731,KALIS STORE,,,,,,0.0,,2026-03-07T12:26:45.000000,2026-03-07T12:26:45.000000,,
732,SAI TEA STALL.,,,,,,0.0,,2026-03-07T12:26:45.000000,2026-03-07T12:26:45.000000,,
733,MALLIGA STORE DUCCAMALPURAM INSIDE,,,,,,0.0,,2026-03-07T12:26:45.000000,2026-03-07T12:26:45.000000,,
734,SAS XEROX NEAR VAMSHIGA,,,,,,0.0,,2026-03-07T12:26:45.000000,2026-03-07T12:26:45.000000,,
735,sithima,,,,,,0.0,,2026-03-07T12:26:45.000000,2026-03-07T12:26:45.000000,,
736,ESSENTIALS PHARMACY.,,,,,,0.0,,2026-03-07T12:26:45.000000,2026-03-07T12:26:45.000000,,
737,FATHIMA STORE MANGAMMAL SALAI,,,,,,0.0,,2026-03-07T12:26:45.000000,2026-03-07T12:26:45.000000,,
738,ADITHYA TRADERS MANGAMMAL SALAI,,,,,,0.0,,2026-03-07T12:26:45.000000,2026-03-07T12:26:45.000000,,
739,KAVITHA STORE MANGAMMAL SALAI,,,,,,0.0,,2026-03-07T12:26:45.000000,2026-03-07T12:26:45.000000,,
740,NALLAIYA STORE 7TH STREET KTC NAGAR,,,,,,0.0,,2026-03-07T12:26:45.000000,2026-03-07T12:26:45.000000,,
741,SHIBA STORE 7TH STREET KTC NAGAE,,,,,,0.0,,2026-03-07T12:26:45.000000,2026-03-07T12:26:45.000000,,
742,"JESMI STORE, SERVICE ROAD KTC NAGAR",,,,,,0.0,,2026-03-07T12:26:45.000000,2026-03-07T12:26:45.000000,,
743,MAHARAJ STORE KTC,,,,,,0.0,,2026-03-07T12:26:45.000000,2026-03-07T12:26:45.000000,,
744,SUYAMBULINGAM STORE TVL SERVICE ROAD KTC NAGAR,,,,,,0.0,,2026-03-07T12:26:45.000000,2026-03-07T12:26:45.000000,,
745,NELLAI STORE KTC NAGAR,,,,,,0.0,,2026-03-07T12:26:45.000000,2026-03-07T12:26:45.000000,,
746,TREE TIME SUTHAMALLI BISMILLAH OPPOSITE,,,,,,0.0,,2026-03-07T12:26:45.000000,2026-03-07T12:26:45.000000,,
747,MANI STORE RANI ANNA COLLEGE OPP,,,,,,0.0,,2026-03-07T12:26:45.000000,2026-03-07T12:26:45.000000,,
748,DHANALAKSHMI STORE COLLECTOR OFFICE RD KOKKIRAKULAM,,,,,,0.0,,2026-03-07T12:26:45.000000,2026-03-07T12:26:45.000000,,
749,PSN GOVT COLLEGE,,,,,,0.0,,2026-03-07T12:26:45.000000,2026-03-07T12:26:45.000000,,
750,NAGOOR SHOPPING,,,,,,0.0,,2026-03-07T12:26:45.000000,2026-03-07T12:26:45.000000,,
751,SHALOM STORE KRISHNAPURAM CHECKPOST,,,,,,0.0,,2026-03-07T12:26:45.000000,2026-03-07T12:26:45.000000,,
752,MAHA PERIYAVA SUPER MARKET RADHAPURAM,,,,,,0.0,,2026-03-07T12:26:45.000000,2026-03-07T12:26:45.000000,,
753,thangaratna,,,,,,0.0,,2026-03-07T12:26:45.000000,2026-03-07T12:26:45.000000,,
754,VENKAT IYER STORE,,,,,,0.0,,2026-03-07T12:26:45.000000,2026-03-07T12:26:45.000000,,
755,RAJAN STORE,,,,,,0.0,,2026-03-07T12:26:45.000000,2026-03-07T12:26:45.000000,,
756,SRI MURUGAN PALAMUTHIRSOLAI,,,,,,0.0,,2026-03-07T12:26:45.000000,2026-03-07T12:26:45.000000,,
757,SCIENCE CENTRE PETTIKADAI,,,,,,0.0,,2026-03-07T12:26:45.000000,2026-03-07T12:26:45.000000,,
758,SENTHIL MURUGAN STORE,,,,,,0.0,,2026-03-07T12:26:45.000000,2026-03-07T12:26:45.000000,,
759,ROJA MEDICAL,,,,,,0.0,,2026-03-07T12:26:45.000000,2026-03-07T12:26:45.000000,,
760,"NASEER TEA STALL, NEAR VISHAKABHAVAN, TOWN",,,,,,0.0,,2026-03-07T12:26:45.000000,2026-03-07T12:26:45.000000,,
761,"REHOBOTH STORE, NEAR GOLD BAR ICE, ramayanpatti",,,,,,0.0,,2026-03-07T12:26:45.000000,2026-03-07T12:26:45.000000,,
762,MARUTHU STORE,,,,,,0.0,,2026-03-11T20:48:16.391141,2026-03-11T20:48:16.391141,,
763,NEW ISSAC STORE,,,,,,0.0,,2026-03-11T20:48:16.391810,2026-03-11T20:48:16.391810,,
764,BAKIYA TEA STALL NGO,,,,,,0.0,,2026-03-11T20:48:16.392432,2026-03-11T20:48:16.392432,,
765,INBA SUGI STORE,,,,,,0.0,,2026-03-11T20:48:16.392991,2026-03-11T20:48:16.392991,,
766,AL-RAHMATH PALAMUTHIRSOLAI,,,,,,0.0,,2026-03-11T20:48:16.393455,2026-03-11T20:48:16.393455,,
767,SS RISWAN STORE MELA,,,,,,0.0,,2026-03-11T20:48:16.393947,2026-03-11T20:48:16.393947,,
768,ALBINA STORE TIRUCHENDUR ROAD MKP NAGAR NEAR CHURCH,,,,,,0.0,,2026-03-11T20:48:16.394650,2026-03-11T20:48:16.394650,,
769,J. PAVANI STORE,,,,,,0.0,,2026-03-11T20:48:16.395744,2026-03-11T20:48:16.395744,,
770,MANI VILAS NEAR VISHAKABHAVAN TOWN,,,,,,0.0,,2026-03-11T20:48:16.396497,2026-03-11T20:48:16.396497,,
771,MANI HOTEL TOWN RATHA VITHI,,,,,,0.0,,2026-03-11T20:48:16.397166,2026-03-11T20:48:16.397166,,
772,THARANI JANAGI MS UNIVERSITY,,,,,,0.0,,2026-03-11T20:48:16.398051,2026-03-11T20:48:16.398051,,
773,GARDEN FRUITS AND SNACKS PETTAI,,,,,,0.0,,2026-03-11T20:48:16.398485,2026-03-11T20:48:16.398485,,
774,HOTEL MERIDIAN INN,,,,,,0.0,,2026-03-11T20:48:16.399109,2026-03-11T20:48:16.399109,,
775,SELVARAJ KODEESWAR NAGAR PALLISVASAL NEAR,,,,,,0.0,,2026-03-11T20:48:16.400368,2026-03-11T20:48:16.400368,,
776,"ABIMUTHU HOTEL IDISEVEL, KAYATHARU",,,,,,0.0,,2026-03-11T20:48:16.401205,2026-03-11T20:48:16.401205,,
777,"KDFC COFFEE SHOP, IDISEVEL",,,,,,0.0,,2026-03-11T20:48:16.401685,2026-03-11T20:48:16.401685,,
778,"GS STORE PANNERKULAM, KAYATHARU",,,,,,0.0,,2026-03-11T20:48:16.402391,2026-03-11T20:48:16.402391,,
779,"JESURAJ STORE, G H SCHOOL OPP, KAYATHAR",,,,,,0.0,,2026-03-11T20:48:16.403063,2026-03-11T20:48:16.403063,,
780,SENNAL POTHI STORE(ATCHAYA HOTEL BACKSIDE),,,,,,0.0,,2026-03-11T20:48:16.404574,2026-03-11T20:48:16.404574,,
781,MAGILMATHI(AS),,,,,,0.0,,2026-03-11T20:48:16.405392,2026-03-11T20:48:16.405392,,
782,RBK ESWARA STORE REDDIARPATTI,,,,,,0.0,,2026-03-11T20:48:16.405858,2026-03-11T20:48:16.405858,,
783,AAVIN PAALAGAM VANNARPETTAI,,,,,,0.0,,2026-03-11T20:48:16.407638,2026-03-11T20:48:16.407638,,
784,RAJA CAFE VANNARPETTAI,,,,,,0.0,,2026-03-11T20:48:16.408304,2026-03-11T20:48:16.408304,,
785,MAHA STORE AND TEA STALL NEAR ANNAI SNACKS,,,,0.0,0.0,0.0,1.0,2026-03-12 17:59:12+00,2026-03-12 17:59:12+00,,
786,BALTHAI COFFEE SHOP,,,,0.0,0.0,0.0,1.0,2026-03-12 17:59:12+00,2026-03-12 17:59:12+00,,
787,AYISHA STORE NEAR FATHIMA TEMPLE,,,,0.0,0.0,0.0,1.0,2026-03-12 17:59:12+00,2026-03-12 17:59:12+00,,
788,SINGARAM STORE DARLING NAGAR,,,,0.0,0.0,0.0,1.0,2026-03-12 17:59:12+00,2026-03-12 17:59:12+00,,
789,TEA TIME KTC NAGAR,,,,0.0,0.0,0.0,1.0,2026-03-12 17:59:12+00,2026-03-12 17:59:12+00,,
790,SARASWATHI STORE MANGAMMAL SALAI,,,,0.0,0.0,0.0,1.0,2026-03-12 17:59:12+00,2026-03-12 17:59:12+00,,
791,NARAYANA STORE KTC NAGAR,,,,0.0,0.0,0.0,1.0,2026-03-12 17:59:12+00,2026-03-12 17:59:12+00,,
792,MESIYA STORE,,,,0.0,0.0,0.0,1.0,2026-03-12 17:59:12+00,2026-03-12 17:59:12+00,,
793,MARIS SHOPPING,,,,0.0,0.0,0.0,1.0,2026-03-12 17:59:12+00,2026-03-12 17:59:12+00,,
794,AMUTHA SHOPPING NEAR MARIS SHOPPING,,,,0.0,0.0,0.0,1.0,2026-03-12 17:59:12+00,2026-03-12 17:59:12+00,,
795,SPD VEGETABLES(ABU HANIFA ROAD),,,,0.0,0.0,0.0,1.0,2026-03-12 17:59:12+00,2026-03-12 17:59:12+00,,
796,ANBU STORE AKILANDAPURAM(KAYATHARU),,,,0.0,0.0,0.0,1.0,2026-03-12 17:59:12+00,2026-03-12 17:59:12+00,,
